INSERT INTO "population" VALUES (1,2018,10105518,-13241,-0.0013);
INSERT INTO "population" VALUES (2,2017,10118759,-1781,-0.0002);
INSERT INTO "population" VALUES (3,2016,10120540,23503,0.0023);
INSERT INTO "population" VALUES (4,2015,10097037,48629,0.0048);
INSERT INTO "population" VALUES (5,2014,10048408,50303,0.005);
INSERT INTO "population" VALUES (6,2013,9998105,59669,0.006);
INSERT INTO "population" VALUES (7,2012,9938436,61709,0.0062);
INSERT INTO "population" VALUES (8,2011,9876727,54294,0.0055);
INSERT INTO "population" VALUES (9,2010,9822433,959269,0.1082);
INSERT INTO "population" VALUES (10,1990,8863164,1385661,0.1853);
INSERT INTO "population" VALUES (11,1980,7477503,445428,0.0633);
INSERT INTO "population" VALUES (12,1970,7032075,993304,0.1645);
INSERT INTO "population" VALUES (13,1960,6038771,1887084,0.4545);
INSERT INTO "population" VALUES (14,1950,4151687,1366044,0.4904);
INSERT INTO "population" VALUES (15,1940,2785643,577151,0.2613);
INSERT INTO "population" VALUES (16,1930,2208492,1272037,1.3584);
INSERT INTO "population" VALUES (17,1920,936455,432324,0.8576);
INSERT INTO "population" VALUES (18,1910,504131,333833,1.9603);
INSERT INTO "population" VALUES (19,1900,170298,68844,0.6786);
INSERT INTO "population" VALUES (20,1890,101454,68073,2.0393);
INSERT INTO "population" VALUES (21,1880,33381,18072,1.1805);
INSERT INTO "population" VALUES (22,1870,15309,3976,0.3508);
INSERT INTO "population" VALUES (23,1860,11333,7803,2.2105);
INSERT INTO "population" VALUES (24,1850,3530,NULL,0.0);
INSERT INTO "monthlyListings" VALUES (1,1,3101,'Los Angeles County','County','CA','2013-01',18437);
INSERT INTO "monthlyListings" VALUES (2,1,3101,'Los Angeles County','County','CA','2013-02',18967);
INSERT INTO "monthlyListings" VALUES (3,1,3101,'Los Angeles County','County','CA','2013-03',17622);
INSERT INTO "monthlyListings" VALUES (4,1,3101,'Los Angeles County','County','CA','2013-04',18035);
INSERT INTO "monthlyListings" VALUES (5,1,3101,'Los Angeles County','County','CA','2013-05',19167);
INSERT INTO "monthlyListings" VALUES (6,1,3101,'Los Angeles County','County','CA','2013-06',18647);
INSERT INTO "monthlyListings" VALUES (7,1,3101,'Los Angeles County','County','CA','2013-07',20231);
INSERT INTO "monthlyListings" VALUES (8,1,3101,'Los Angeles County','County','CA','2013-08',19780);
INSERT INTO "monthlyListings" VALUES (9,1,3101,'Los Angeles County','County','CA','2013-09',19513);
INSERT INTO "monthlyListings" VALUES (10,1,3101,'Los Angeles County','County','CA','2013-10',21161);
INSERT INTO "monthlyListings" VALUES (11,1,3101,'Los Angeles County','County','CA','2013-11',18405);
INSERT INTO "monthlyListings" VALUES (12,1,3101,'Los Angeles County','County','CA','2013-12',16412);
INSERT INTO "monthlyListings" VALUES (13,1,3101,'Los Angeles County','County','CA','2014-01',17782);
INSERT INTO "monthlyListings" VALUES (14,1,3101,'Los Angeles County','County','CA','2014-02',17569);
INSERT INTO "monthlyListings" VALUES (15,1,3101,'Los Angeles County','County','CA','2014-03',19113);
INSERT INTO "monthlyListings" VALUES (16,1,3101,'Los Angeles County','County','CA','2014-04',21689);
INSERT INTO "monthlyListings" VALUES (17,1,3101,'Los Angeles County','County','CA','2014-05',20113);
INSERT INTO "monthlyListings" VALUES (18,1,3101,'Los Angeles County','County','CA','2014-06',21453);
INSERT INTO "monthlyListings" VALUES (19,1,3101,'Los Angeles County','County','CA','2014-07',23963);
INSERT INTO "monthlyListings" VALUES (20,1,3101,'Los Angeles County','County','CA','2014-08',22469);
INSERT INTO "monthlyListings" VALUES (21,1,3101,'Los Angeles County','County','CA','2014-09',22062);
INSERT INTO "monthlyListings" VALUES (22,1,3101,'Los Angeles County','County','CA','2014-10',23273);
INSERT INTO "monthlyListings" VALUES (23,1,3101,'Los Angeles County','County','CA','2014-11',21056);
INSERT INTO "monthlyListings" VALUES (24,1,3101,'Los Angeles County','County','CA','2014-12',18883);
INSERT INTO "monthlyListings" VALUES (25,1,3101,'Los Angeles County','County','CA','2015-01',18129);
INSERT INTO "monthlyListings" VALUES (26,1,3101,'Los Angeles County','County','CA','2015-02',17805);
INSERT INTO "monthlyListings" VALUES (27,1,3101,'Los Angeles County','County','CA','2015-03',18214);
INSERT INTO "monthlyListings" VALUES (28,1,3101,'Los Angeles County','County','CA','2015-04',21164);
INSERT INTO "monthlyListings" VALUES (29,1,3101,'Los Angeles County','County','CA','2015-05',19341);
INSERT INTO "monthlyListings" VALUES (30,1,3101,'Los Angeles County','County','CA','2015-06',20384);
INSERT INTO "monthlyListings" VALUES (31,1,3101,'Los Angeles County','County','CA','2015-07',22767);
INSERT INTO "monthlyListings" VALUES (32,1,3101,'Los Angeles County','County','CA','2015-08',21560);
INSERT INTO "monthlyListings" VALUES (33,1,3101,'Los Angeles County','County','CA','2015-09',22269);
INSERT INTO "monthlyListings" VALUES (34,1,3101,'Los Angeles County','County','CA','2015-10',20399);
INSERT INTO "monthlyListings" VALUES (35,1,3101,'Los Angeles County','County','CA','2015-11',19182);
INSERT INTO "monthlyListings" VALUES (36,1,3101,'Los Angeles County','County','CA','2015-12',17281);
INSERT INTO "monthlyListings" VALUES (37,1,3101,'Los Angeles County','County','CA','2016-01',15157);
INSERT INTO "monthlyListings" VALUES (38,1,3101,'Los Angeles County','County','CA','2016-02',15843);
INSERT INTO "monthlyListings" VALUES (39,1,3101,'Los Angeles County','County','CA','2016-03',17944);
INSERT INTO "monthlyListings" VALUES (40,1,3101,'Los Angeles County','County','CA','2016-04',17720);
INSERT INTO "monthlyListings" VALUES (41,1,3101,'Los Angeles County','County','CA','2016-05',18253);
INSERT INTO "monthlyListings" VALUES (42,1,3101,'Los Angeles County','County','CA','2016-06',21646);
INSERT INTO "monthlyListings" VALUES (43,1,3101,'Los Angeles County','County','CA','2016-07',21363);
INSERT INTO "monthlyListings" VALUES (44,1,3101,'Los Angeles County','County','CA','2016-08',23288);
INSERT INTO "monthlyListings" VALUES (45,1,3101,'Los Angeles County','County','CA','2016-09',20565);
INSERT INTO "monthlyListings" VALUES (46,1,3101,'Los Angeles County','County','CA','2016-10',19588);
INSERT INTO "monthlyListings" VALUES (47,1,3101,'Los Angeles County','County','CA','2016-11',19219);
INSERT INTO "monthlyListings" VALUES (48,1,3101,'Los Angeles County','County','CA','2016-12',15334);
INSERT INTO "monthlyListings" VALUES (49,1,3101,'Los Angeles County','County','CA','2017-01',15086);
INSERT INTO "monthlyListings" VALUES (50,1,3101,'Los Angeles County','County','CA','2017-02',15546);
INSERT INTO "monthlyListings" VALUES (51,1,3101,'Los Angeles County','County','CA','2017-03',17354);
INSERT INTO "monthlyListings" VALUES (52,1,3101,'Los Angeles County','County','CA','2017-04',15963);
INSERT INTO "monthlyListings" VALUES (53,1,3101,'Los Angeles County','County','CA','2017-05',17964);
INSERT INTO "monthlyListings" VALUES (54,1,3101,'Los Angeles County','County','CA','2017-06',17219);
INSERT INTO "monthlyListings" VALUES (55,1,3101,'Los Angeles County','County','CA','2017-07',16887);
INSERT INTO "monthlyListings" VALUES (56,1,3101,'Los Angeles County','County','CA','2017-08',18483);
INSERT INTO "monthlyListings" VALUES (57,1,3101,'Los Angeles County','County','CA','2017-09',16601);
INSERT INTO "monthlyListings" VALUES (58,1,3101,'Los Angeles County','County','CA','2017-10',16172);
INSERT INTO "monthlyListings" VALUES (59,1,3101,'Los Angeles County','County','CA','2017-11',15807);
INSERT INTO "monthlyListings" VALUES (60,1,3101,'Los Angeles County','County','CA','2017-12',12001);
INSERT INTO "monthlyListings" VALUES (61,1,3101,'Los Angeles County','County','CA','2018-01',13925);
INSERT INTO "monthlyListings" VALUES (62,1,3101,'Los Angeles County','County','CA','2018-02',13990);
INSERT INTO "monthlyListings" VALUES (63,1,3101,'Los Angeles County','County','CA','2018-03',14660);
INSERT INTO "monthlyListings" VALUES (64,1,3101,'Los Angeles County','County','CA','2018-04',15690);
INSERT INTO "monthlyListings" VALUES (65,1,3101,'Los Angeles County','County','CA','2018-05',18205);
INSERT INTO "monthlyListings" VALUES (66,1,3101,'Los Angeles County','County','CA','2018-06',17980);
INSERT INTO "monthlyListings" VALUES (67,1,3101,'Los Angeles County','County','CA','2018-07',18783);
INSERT INTO "monthlyListings" VALUES (68,1,3101,'Los Angeles County','County','CA','2018-08',20830);
INSERT INTO "monthlyListings" VALUES (69,1,3101,'Los Angeles County','County','CA','2018-09',19708);
INSERT INTO "monthlyListings" VALUES (70,1,3101,'Los Angeles County','County','CA','2018-10',21533);
INSERT INTO "monthlyListings" VALUES (71,1,3101,'Los Angeles County','County','CA','2018-11',19162);
INSERT INTO "monthlyListings" VALUES (72,1,3101,'Los Angeles County','County','CA','2018-12',16735);
INSERT INTO "monthlyListings" VALUES (73,1,3101,'Los Angeles County','County','CA','2019-01',18158);
INSERT INTO "monthlyListings" VALUES (74,1,3101,'Los Angeles County','County','CA','2019-02',17564);
INSERT INTO "monthlyListings" VALUES (75,1,3101,'Los Angeles County','County','CA','2019-03',17951);
INSERT INTO "monthlyListings" VALUES (76,1,3101,'Los Angeles County','County','CA','2019-04',18457);
INSERT INTO "monthlyListings" VALUES (77,1,3101,'Los Angeles County','County','CA','2019-05',20337);
INSERT INTO "monthlyListings" VALUES (78,1,3101,'Los Angeles County','County','CA','2019-06',18745);
INSERT INTO "monthlyListings" VALUES (79,1,3101,'Los Angeles County','County','CA','2019-07',21015);
INSERT INTO "monthlyListings" VALUES (80,1,3101,'Los Angeles County','County','CA','2019-08',19056);
INSERT INTO "medianIncome" VALUES (1,2017,'us',73891);
INSERT INTO "medianIncome" VALUES (2,2017,'california',82009);
INSERT INTO "medianIncome" VALUES (3,2017,'losangelesCounty',72816);
INSERT INTO "medianIncome" VALUES (4,2016,'us',72591);
INSERT INTO "medianIncome" VALUES (5,2016,'california',79023);
INSERT INTO "medianIncome" VALUES (6,2016,'losangelesCounty',70283);
INSERT INTO "medianIncome" VALUES (7,2015,'us',70627);
INSERT INTO "medianIncome" VALUES (8,2015,'california',76133);
INSERT INTO "medianIncome" VALUES (9,2015,'losangelesCounty',68071);
INSERT INTO "medianIncome" VALUES (10,2014,'us',68313);
INSERT INTO "medianIncome" VALUES (11,2014,'california',73604);
INSERT INTO "medianIncome" VALUES (12,2014,'losangelesCounty',64566);
INSERT INTO "medianIncome" VALUES (13,2013,'us',67488);
INSERT INTO "medianIncome" VALUES (14,2013,'california',71906);
INSERT INTO "medianIncome" VALUES (15,2013,'losangelesCounty',64075);
INSERT INTO "medianIncome" VALUES (16,2012,'us',66880);
INSERT INTO "medianIncome" VALUES (17,2012,'california',70825);
INSERT INTO "medianIncome" VALUES (18,2012,'losangelesCounty',63993);
INSERT INTO "medianIncome" VALUES (19,2011,'us',67126);
INSERT INTO "medianIncome" VALUES (20,2011,'california',71518);
INSERT INTO "medianIncome" VALUES (21,2011,'losangelesCounty',63626);
INSERT INTO "medianIncome" VALUES (22,2010,'us',68289);
INSERT INTO "medianIncome" VALUES (23,2010,'california',73778);
INSERT INTO "medianIncome" VALUES (24,2010,'losangelesCounty',65626);
INSERT INTO "medianIncome" VALUES (25,2009,'us',69958);
INSERT INTO "medianIncome" VALUES (26,2009,'california',76779);
INSERT INTO "medianIncome" VALUES (27,2009,'losangelesCounty',68808);
INSERT INTO "medianIncome" VALUES (28,2008,'us',72321);
INSERT INTO "medianIncome" VALUES (29,2008,'california',79926);
INSERT INTO "medianIncome" VALUES (30,2008,'losangelesCounty',70690);
INSERT INTO "medianIncome" VALUES (31,2007,'us',72500);
INSERT INTO "medianIncome" VALUES (32,2007,'california',79979);
INSERT INTO "medianIncome" VALUES (33,2007,'losangelesCounty',71422);
INSERT INTO "medianIncome" VALUES (34,2006,'us',71330);
INSERT INTO "medianIncome" VALUES (35,2006,'california',78688);
INSERT INTO "medianIncome" VALUES (36,2006,'losangelesCounty',69385);
INSERT INTO "home_rentalPrice" VALUES (1,'1996-04','Los Angeles County',160800,NULL,'United States',100000,NULL);
INSERT INTO "home_rentalPrice" VALUES (2,'1996-05','Los Angeles County',160700,NULL,'United States',100100,NULL);
INSERT INTO "home_rentalPrice" VALUES (3,'1996-06','Los Angeles County',160600,NULL,'United States',100300,NULL);
INSERT INTO "home_rentalPrice" VALUES (4,'1996-07','Los Angeles County',160400,NULL,'United States',100500,NULL);
INSERT INTO "home_rentalPrice" VALUES (5,'1996-08','Los Angeles County',160200,NULL,'United States',100800,NULL);
INSERT INTO "home_rentalPrice" VALUES (6,'1996-09','Los Angeles County',160100,NULL,'United States',101000,NULL);
INSERT INTO "home_rentalPrice" VALUES (7,'1996-10','Los Angeles County',160100,NULL,'United States',101300,NULL);
INSERT INTO "home_rentalPrice" VALUES (8,'1996-11','Los Angeles County',160100,NULL,'United States',101500,NULL);
INSERT INTO "home_rentalPrice" VALUES (9,'1996-12','Los Angeles County',160500,NULL,'United States',101900,NULL);
INSERT INTO "home_rentalPrice" VALUES (10,'1997-01','Los Angeles County',161000,NULL,'United States',102200,NULL);
INSERT INTO "home_rentalPrice" VALUES (11,'1997-02','Los Angeles County',161300,NULL,'United States',102500,NULL);
INSERT INTO "home_rentalPrice" VALUES (12,'1997-03','Los Angeles County',161400,NULL,'United States',102800,NULL);
INSERT INTO "home_rentalPrice" VALUES (13,'1997-04','Los Angeles County',161500,NULL,'United States',103000,NULL);
INSERT INTO "home_rentalPrice" VALUES (14,'1997-05','Los Angeles County',161600,NULL,'United States',103300,NULL);
INSERT INTO "home_rentalPrice" VALUES (15,'1997-06','Los Angeles County',161700,NULL,'United States',103600,NULL);
INSERT INTO "home_rentalPrice" VALUES (16,'1997-07','Los Angeles County',161900,NULL,'United States',104000,NULL);
INSERT INTO "home_rentalPrice" VALUES (17,'1997-08','Los Angeles County',162300,NULL,'United States',104400,NULL);
INSERT INTO "home_rentalPrice" VALUES (18,'1997-09','Los Angeles County',162800,NULL,'United States',104700,NULL);
INSERT INTO "home_rentalPrice" VALUES (19,'1997-10','Los Angeles County',163700,NULL,'United States',105200,NULL);
INSERT INTO "home_rentalPrice" VALUES (20,'1997-11','Los Angeles County',164800,NULL,'United States',105600,NULL);
INSERT INTO "home_rentalPrice" VALUES (21,'1997-12','Los Angeles County',166400,NULL,'United States',106100,NULL);
INSERT INTO "home_rentalPrice" VALUES (22,'1998-01','Los Angeles County',168300,NULL,'United States',106600,NULL);
INSERT INTO "home_rentalPrice" VALUES (23,'1998-02','Los Angeles County',170000,NULL,'United States',107200,NULL);
INSERT INTO "home_rentalPrice" VALUES (24,'1998-03','Los Angeles County',171400,NULL,'United States',107700,NULL);
INSERT INTO "home_rentalPrice" VALUES (25,'1998-04','Los Angeles County',172700,NULL,'United States',108200,NULL);
INSERT INTO "home_rentalPrice" VALUES (26,'1998-05','Los Angeles County',173800,NULL,'United States',108800,NULL);
INSERT INTO "home_rentalPrice" VALUES (27,'1998-06','Los Angeles County',174700,NULL,'United States',109400,NULL);
INSERT INTO "home_rentalPrice" VALUES (28,'1998-07','Los Angeles County',175400,NULL,'United States',110000,NULL);
INSERT INTO "home_rentalPrice" VALUES (29,'1998-08','Los Angeles County',176200,NULL,'United States',110600,NULL);
INSERT INTO "home_rentalPrice" VALUES (30,'1998-09','Los Angeles County',177100,NULL,'United States',111100,NULL);
INSERT INTO "home_rentalPrice" VALUES (31,'1998-10','Los Angeles County',178100,NULL,'United States',111700,NULL);
INSERT INTO "home_rentalPrice" VALUES (32,'1998-11','Los Angeles County',179200,NULL,'United States',112300,NULL);
INSERT INTO "home_rentalPrice" VALUES (33,'1998-12','Los Angeles County',180600,NULL,'United States',112900,NULL);
INSERT INTO "home_rentalPrice" VALUES (34,'1999-01','Los Angeles County',182300,NULL,'United States',113500,NULL);
INSERT INTO "home_rentalPrice" VALUES (35,'1999-02','Los Angeles County',183900,NULL,'United States',114000,NULL);
INSERT INTO "home_rentalPrice" VALUES (36,'1999-03','Los Angeles County',185200,NULL,'United States',114400,NULL);
INSERT INTO "home_rentalPrice" VALUES (37,'1999-04','Los Angeles County',186600,NULL,'United States',114900,NULL);
INSERT INTO "home_rentalPrice" VALUES (38,'1999-05','Los Angeles County',188000,NULL,'United States',115400,NULL);
INSERT INTO "home_rentalPrice" VALUES (39,'1999-06','Los Angeles County',189400,NULL,'United States',116100,NULL);
INSERT INTO "home_rentalPrice" VALUES (40,'1999-07','Los Angeles County',190800,NULL,'United States',116800,NULL);
INSERT INTO "home_rentalPrice" VALUES (41,'1999-08','Los Angeles County',192000,NULL,'United States',117500,NULL);
INSERT INTO "home_rentalPrice" VALUES (42,'1999-09','Los Angeles County',193200,NULL,'United States',118300,NULL);
INSERT INTO "home_rentalPrice" VALUES (43,'1999-10','Los Angeles County',194500,NULL,'United States',119000,NULL);
INSERT INTO "home_rentalPrice" VALUES (44,'1999-11','Los Angeles County',195900,NULL,'United States',119700,NULL);
INSERT INTO "home_rentalPrice" VALUES (45,'1999-12','Los Angeles County',197600,NULL,'United States',120600,NULL);
INSERT INTO "home_rentalPrice" VALUES (46,'2000-01','Los Angeles County',199600,NULL,'United States',121500,NULL);
INSERT INTO "home_rentalPrice" VALUES (47,'2000-02','Los Angeles County',201600,NULL,'United States',122300,NULL);
INSERT INTO "home_rentalPrice" VALUES (48,'2000-03','Los Angeles County',203400,NULL,'United States',123000,NULL);
INSERT INTO "home_rentalPrice" VALUES (49,'2000-04','Los Angeles County',205300,NULL,'United States',123600,NULL);
INSERT INTO "home_rentalPrice" VALUES (50,'2000-05','Los Angeles County',207200,NULL,'United States',124200,NULL);
INSERT INTO "home_rentalPrice" VALUES (51,'2000-06','Los Angeles County',209200,NULL,'United States',124800,NULL);
INSERT INTO "home_rentalPrice" VALUES (52,'2000-07','Los Angeles County',211200,NULL,'United States',125300,NULL);
INSERT INTO "home_rentalPrice" VALUES (53,'2000-08','Los Angeles County',213100,NULL,'United States',125800,NULL);
INSERT INTO "home_rentalPrice" VALUES (54,'2000-09','Los Angeles County',215100,NULL,'United States',126200,NULL);
INSERT INTO "home_rentalPrice" VALUES (55,'2000-10','Los Angeles County',217200,NULL,'United States',126700,NULL);
INSERT INTO "home_rentalPrice" VALUES (56,'2000-11','Los Angeles County',219300,NULL,'United States',127200,NULL);
INSERT INTO "home_rentalPrice" VALUES (57,'2000-12','Los Angeles County',221500,NULL,'United States',127900,NULL);
INSERT INTO "home_rentalPrice" VALUES (58,'2001-01','Los Angeles County',223800,NULL,'United States',128600,NULL);
INSERT INTO "home_rentalPrice" VALUES (59,'2001-02','Los Angeles County',226000,NULL,'United States',129300,NULL);
INSERT INTO "home_rentalPrice" VALUES (60,'2001-03','Los Angeles County',228100,NULL,'United States',129900,NULL);
INSERT INTO "home_rentalPrice" VALUES (61,'2001-04','Los Angeles County',230200,NULL,'United States',130600,NULL);
INSERT INTO "home_rentalPrice" VALUES (62,'2001-05','Los Angeles County',232200,NULL,'United States',131200,NULL);
INSERT INTO "home_rentalPrice" VALUES (63,'2001-06','Los Angeles County',234300,NULL,'United States',131700,NULL);
INSERT INTO "home_rentalPrice" VALUES (64,'2001-07','Los Angeles County',236300,NULL,'United States',132200,NULL);
INSERT INTO "home_rentalPrice" VALUES (65,'2001-08','Los Angeles County',238300,NULL,'United States',132800,NULL);
INSERT INTO "home_rentalPrice" VALUES (66,'2001-09','Los Angeles County',240300,NULL,'United States',133300,NULL);
INSERT INTO "home_rentalPrice" VALUES (67,'2001-10','Los Angeles County',242500,NULL,'United States',133900,NULL);
INSERT INTO "home_rentalPrice" VALUES (68,'2001-11','Los Angeles County',244800,NULL,'United States',134600,NULL);
INSERT INTO "home_rentalPrice" VALUES (69,'2001-12','Los Angeles County',247400,NULL,'United States',135200,NULL);
INSERT INTO "home_rentalPrice" VALUES (70,'2002-01','Los Angeles County',250200,NULL,'United States',136000,NULL);
INSERT INTO "home_rentalPrice" VALUES (71,'2002-02','Los Angeles County',253200,NULL,'United States',136700,NULL);
INSERT INTO "home_rentalPrice" VALUES (72,'2002-03','Los Angeles County',256400,NULL,'United States',137400,NULL);
INSERT INTO "home_rentalPrice" VALUES (73,'2002-04','Los Angeles County',259800,NULL,'United States',138100,NULL);
INSERT INTO "home_rentalPrice" VALUES (74,'2002-05','Los Angeles County',263400,NULL,'United States',138800,NULL);
INSERT INTO "home_rentalPrice" VALUES (75,'2002-06','Los Angeles County',267300,NULL,'United States',139500,NULL);
INSERT INTO "home_rentalPrice" VALUES (76,'2002-07','Los Angeles County',271600,NULL,'United States',140100,NULL);
INSERT INTO "home_rentalPrice" VALUES (77,'2002-08','Los Angeles County',276200,NULL,'United States',140800,NULL);
INSERT INTO "home_rentalPrice" VALUES (78,'2002-09','Los Angeles County',281000,NULL,'United States',141500,NULL);
INSERT INTO "home_rentalPrice" VALUES (79,'2002-10','Los Angeles County',285900,NULL,'United States',142300,NULL);
INSERT INTO "home_rentalPrice" VALUES (80,'2002-11','Los Angeles County',291000,NULL,'United States',143200,NULL);
INSERT INTO "home_rentalPrice" VALUES (81,'2002-12','Los Angeles County',296000,NULL,'United States',144000,NULL);
INSERT INTO "home_rentalPrice" VALUES (82,'2003-01','Los Angeles County',300700,NULL,'United States',144800,NULL);
INSERT INTO "home_rentalPrice" VALUES (83,'2003-02','Los Angeles County',305200,NULL,'United States',145500,NULL);
INSERT INTO "home_rentalPrice" VALUES (84,'2003-03','Los Angeles County',309800,NULL,'United States',146200,NULL);
INSERT INTO "home_rentalPrice" VALUES (85,'2003-04','Los Angeles County',314600,NULL,'United States',147100,NULL);
INSERT INTO "home_rentalPrice" VALUES (86,'2003-05','Los Angeles County',319800,NULL,'United States',147900,NULL);
INSERT INTO "home_rentalPrice" VALUES (87,'2003-06','Los Angeles County',325400,NULL,'United States',148800,NULL);
INSERT INTO "home_rentalPrice" VALUES (88,'2003-07','Los Angeles County',331500,NULL,'United States',149700,NULL);
INSERT INTO "home_rentalPrice" VALUES (89,'2003-08','Los Angeles County',337800,NULL,'United States',150600,NULL);
INSERT INTO "home_rentalPrice" VALUES (90,'2003-09','Los Angeles County',344400,NULL,'United States',151600,NULL);
INSERT INTO "home_rentalPrice" VALUES (91,'2003-10','Los Angeles County',351100,NULL,'United States',152600,NULL);
INSERT INTO "home_rentalPrice" VALUES (92,'2003-11','Los Angeles County',358100,NULL,'United States',153800,NULL);
INSERT INTO "home_rentalPrice" VALUES (93,'2003-12','Los Angeles County',365500,NULL,'United States',154900,NULL);
INSERT INTO "home_rentalPrice" VALUES (94,'2004-01','Los Angeles County',373400,NULL,'United States',156100,NULL);
INSERT INTO "home_rentalPrice" VALUES (95,'2004-02','Los Angeles County',381900,NULL,'United States',157400,NULL);
INSERT INTO "home_rentalPrice" VALUES (96,'2004-03','Los Angeles County',391200,NULL,'United States',158700,NULL);
INSERT INTO "home_rentalPrice" VALUES (97,'2004-04','Los Angeles County',401100,NULL,'United States',160100,NULL);
INSERT INTO "home_rentalPrice" VALUES (98,'2004-05','Los Angeles County',411300,NULL,'United States',161600,NULL);
INSERT INTO "home_rentalPrice" VALUES (99,'2004-06','Los Angeles County',421600,NULL,'United States',163100,NULL);
INSERT INTO "home_rentalPrice" VALUES (100,'2004-07','Los Angeles County',431400,NULL,'United States',164800,NULL);
INSERT INTO "home_rentalPrice" VALUES (101,'2004-08','Los Angeles County',440400,NULL,'United States',166400,NULL);
INSERT INTO "home_rentalPrice" VALUES (102,'2004-09','Los Angeles County',448800,NULL,'United States',167900,NULL);
INSERT INTO "home_rentalPrice" VALUES (103,'2004-10','Los Angeles County',456300,NULL,'United States',169300,NULL);
INSERT INTO "home_rentalPrice" VALUES (104,'2004-11','Los Angeles County',463000,NULL,'United States',170700,NULL);
INSERT INTO "home_rentalPrice" VALUES (105,'2004-12','Los Angeles County',469100,NULL,'United States',172000,NULL);
INSERT INTO "home_rentalPrice" VALUES (106,'2005-01','Los Angeles County',475000,NULL,'United States',173200,NULL);
INSERT INTO "home_rentalPrice" VALUES (107,'2005-02','Los Angeles County',480800,NULL,'United States',174400,NULL);
INSERT INTO "home_rentalPrice" VALUES (108,'2005-03','Los Angeles County',486800,NULL,'United States',175700,NULL);
INSERT INTO "home_rentalPrice" VALUES (109,'2005-04','Los Angeles County',493100,NULL,'United States',177100,NULL);
INSERT INTO "home_rentalPrice" VALUES (110,'2005-05','Los Angeles County',499700,NULL,'United States',178700,NULL);
INSERT INTO "home_rentalPrice" VALUES (111,'2005-06','Los Angeles County',506700,NULL,'United States',180300,NULL);
INSERT INTO "home_rentalPrice" VALUES (112,'2005-07','Los Angeles County',514300,NULL,'United States',182000,NULL);
INSERT INTO "home_rentalPrice" VALUES (113,'2005-08','Los Angeles County',521800,NULL,'United States',183700,NULL);
INSERT INTO "home_rentalPrice" VALUES (114,'2005-09','Los Angeles County',529400,NULL,'United States',185300,NULL);
INSERT INTO "home_rentalPrice" VALUES (115,'2005-10','Los Angeles County',536900,NULL,'United States',186800,NULL);
INSERT INTO "home_rentalPrice" VALUES (116,'2005-11','Los Angeles County',543700,NULL,'United States',188200,NULL);
INSERT INTO "home_rentalPrice" VALUES (117,'2005-12','Los Angeles County',549800,NULL,'United States',189600,NULL);
INSERT INTO "home_rentalPrice" VALUES (118,'2006-01','Los Angeles County',555200,NULL,'United States',190900,NULL);
INSERT INTO "home_rentalPrice" VALUES (119,'2006-02','Los Angeles County',560000,NULL,'United States',192100,NULL);
INSERT INTO "home_rentalPrice" VALUES (120,'2006-03','Los Angeles County',564700,NULL,'United States',193300,NULL);
INSERT INTO "home_rentalPrice" VALUES (121,'2006-04','Los Angeles County',568900,NULL,'United States',194500,NULL);
INSERT INTO "home_rentalPrice" VALUES (122,'2006-05','Los Angeles County',572500,NULL,'United States',195500,NULL);
INSERT INTO "home_rentalPrice" VALUES (123,'2006-06','Los Angeles County',575100,NULL,'United States',196600,NULL);
INSERT INTO "home_rentalPrice" VALUES (124,'2006-07','Los Angeles County',576200,NULL,'United States',197500,NULL);
INSERT INTO "home_rentalPrice" VALUES (125,'2006-08','Los Angeles County',575300,NULL,'United States',198200,NULL);
INSERT INTO "home_rentalPrice" VALUES (126,'2006-09','Los Angeles County',573300,NULL,'United States',198700,NULL);
INSERT INTO "home_rentalPrice" VALUES (127,'2006-10','Los Angeles County',571100,NULL,'United States',199100,NULL);
INSERT INTO "home_rentalPrice" VALUES (128,'2006-11','Los Angeles County',568500,NULL,'United States',199300,NULL);
INSERT INTO "home_rentalPrice" VALUES (129,'2006-12','Los Angeles County',566000,NULL,'United States',199500,NULL);
INSERT INTO "home_rentalPrice" VALUES (130,'2007-01','Los Angeles County',563700,NULL,'United States',199700,NULL);
INSERT INTO "home_rentalPrice" VALUES (131,'2007-02','Los Angeles County',561400,NULL,'United States',199900,NULL);
INSERT INTO "home_rentalPrice" VALUES (132,'2007-03','Los Angeles County',558800,NULL,'United States',200100,NULL);
INSERT INTO "home_rentalPrice" VALUES (133,'2007-04','Los Angeles County',555700,NULL,'United States',200400,NULL);
INSERT INTO "home_rentalPrice" VALUES (134,'2007-05','Los Angeles County',552100,NULL,'United States',200500,NULL);
INSERT INTO "home_rentalPrice" VALUES (135,'2007-06','Los Angeles County',548000,NULL,'United States',200000,NULL);
INSERT INTO "home_rentalPrice" VALUES (136,'2007-07','Los Angeles County',543100,NULL,'United States',199200,NULL);
INSERT INTO "home_rentalPrice" VALUES (137,'2007-08','Los Angeles County',536900,NULL,'United States',198400,NULL);
INSERT INTO "home_rentalPrice" VALUES (138,'2007-09','Los Angeles County',530300,NULL,'United States',197600,NULL);
INSERT INTO "home_rentalPrice" VALUES (139,'2007-10','Los Angeles County',523700,NULL,'United States',196700,NULL);
INSERT INTO "home_rentalPrice" VALUES (140,'2007-11','Los Angeles County',517100,NULL,'United States',195700,NULL);
INSERT INTO "home_rentalPrice" VALUES (141,'2007-12','Los Angeles County',510400,NULL,'United States',194600,NULL);
INSERT INTO "home_rentalPrice" VALUES (142,'2008-01','Los Angeles County',503500,NULL,'United States',193300,NULL);
INSERT INTO "home_rentalPrice" VALUES (143,'2008-02','Los Angeles County',495700,NULL,'United States',191900,NULL);
INSERT INTO "home_rentalPrice" VALUES (144,'2008-03','Los Angeles County',486700,NULL,'United States',190400,NULL);
INSERT INTO "home_rentalPrice" VALUES (145,'2008-04','Los Angeles County',476000,NULL,'United States',188800,NULL);
INSERT INTO "home_rentalPrice" VALUES (146,'2008-05','Los Angeles County',464800,NULL,'United States',187000,NULL);
INSERT INTO "home_rentalPrice" VALUES (147,'2008-06','Los Angeles County',454000,NULL,'United States',185100,NULL);
INSERT INTO "home_rentalPrice" VALUES (148,'2008-07','Los Angeles County',445300,NULL,'United States',183400,NULL);
INSERT INTO "home_rentalPrice" VALUES (149,'2008-08','Los Angeles County',438600,NULL,'United States',181600,NULL);
INSERT INTO "home_rentalPrice" VALUES (150,'2008-09','Los Angeles County',433200,NULL,'United States',180000,NULL);
INSERT INTO "home_rentalPrice" VALUES (151,'2008-10','Los Angeles County',427800,NULL,'United States',178500,NULL);
INSERT INTO "home_rentalPrice" VALUES (152,'2008-11','Los Angeles County',422800,NULL,'United States',177000,NULL);
INSERT INTO "home_rentalPrice" VALUES (153,'2008-12','Los Angeles County',418000,NULL,'United States',175600,NULL);
INSERT INTO "home_rentalPrice" VALUES (154,'2009-01','Los Angeles County',413800,NULL,'United States',174300,NULL);
INSERT INTO "home_rentalPrice" VALUES (155,'2009-02','Los Angeles County',409300,NULL,'United States',173000,NULL);
INSERT INTO "home_rentalPrice" VALUES (156,'2009-03','Los Angeles County',404200,NULL,'United States',171600,NULL);
INSERT INTO "home_rentalPrice" VALUES (157,'2009-04','Los Angeles County',398400,NULL,'United States',170100,NULL);
INSERT INTO "home_rentalPrice" VALUES (158,'2009-05','Los Angeles County',392200,NULL,'United States',168500,NULL);
INSERT INTO "home_rentalPrice" VALUES (159,'2009-06','Los Angeles County',387400,NULL,'United States',166900,NULL);
INSERT INTO "home_rentalPrice" VALUES (160,'2009-07','Los Angeles County',385700,NULL,'United States',165700,NULL);
INSERT INTO "home_rentalPrice" VALUES (161,'2009-08','Los Angeles County',386000,NULL,'United States',164700,NULL);
INSERT INTO "home_rentalPrice" VALUES (162,'2009-09','Los Angeles County',387000,NULL,'United States',164000,NULL);
INSERT INTO "home_rentalPrice" VALUES (163,'2009-10','Los Angeles County',388500,NULL,'United States',163400,NULL);
INSERT INTO "home_rentalPrice" VALUES (164,'2009-11','Los Angeles County',389900,NULL,'United States',163100,NULL);
INSERT INTO "home_rentalPrice" VALUES (165,'2009-12','Los Angeles County',391300,NULL,'United States',163000,NULL);
INSERT INTO "home_rentalPrice" VALUES (166,'2010-01','Los Angeles County',392500,NULL,'United States',163000,NULL);
INSERT INTO "home_rentalPrice" VALUES (167,'2010-02','Los Angeles County',393100,NULL,'United States',163200,NULL);
INSERT INTO "home_rentalPrice" VALUES (168,'2010-03','Los Angeles County',392100,NULL,'United States',162800,NULL);
INSERT INTO "home_rentalPrice" VALUES (169,'2010-04','Los Angeles County',392000,NULL,'United States',161900,NULL);
INSERT INTO "home_rentalPrice" VALUES (170,'2010-05','Los Angeles County',393300,NULL,'United States',161500,NULL);
INSERT INTO "home_rentalPrice" VALUES (171,'2010-06','Los Angeles County',393200,NULL,'United States',161400,NULL);
INSERT INTO "home_rentalPrice" VALUES (172,'2010-07','Los Angeles County',390300,NULL,'United States',160900,NULL);
INSERT INTO "home_rentalPrice" VALUES (173,'2010-08','Los Angeles County',388200,NULL,'United States',160200,NULL);
INSERT INTO "home_rentalPrice" VALUES (174,'2010-09','Los Angeles County',386200,NULL,'United States',159400,NULL);
INSERT INTO "home_rentalPrice" VALUES (175,'2010-10','Los Angeles County',384100,NULL,'United States',158500,NULL);
INSERT INTO "home_rentalPrice" VALUES (176,'2010-11','Los Angeles County',382100,'2176','United States',157600,'1250');
INSERT INTO "home_rentalPrice" VALUES (177,'2010-12','Los Angeles County',380300,'2160','United States',156600,'1248');
INSERT INTO "home_rentalPrice" VALUES (178,'2011-01','Los Angeles County',377400,'2153','United States',155300,'1245');
INSERT INTO "home_rentalPrice" VALUES (179,'2011-02','Los Angeles County',374600,'2148','United States',154300,'1240');
INSERT INTO "home_rentalPrice" VALUES (180,'2011-03','Los Angeles County',372500,'2146','United States',153500,'1236');
INSERT INTO "home_rentalPrice" VALUES (181,'2011-04','Los Angeles County',370400,'2148','United States',152900,'1234');
INSERT INTO "home_rentalPrice" VALUES (182,'2011-05','Los Angeles County',368000,'2154','United States',152300,'1236');
INSERT INTO "home_rentalPrice" VALUES (183,'2011-06','Los Angeles County',366300,'2161','United States',151600,'1241');
INSERT INTO "home_rentalPrice" VALUES (184,'2011-07','Los Angeles County',364600,'2168','United States',151000,'1248');
INSERT INTO "home_rentalPrice" VALUES (185,'2011-08','Los Angeles County',361700,'2172','United States',150500,'1252');
INSERT INTO "home_rentalPrice" VALUES (186,'2011-09','Los Angeles County',358800,'2174','United States',150000,'1254');
INSERT INTO "home_rentalPrice" VALUES (187,'2011-10','Los Angeles County',356400,'2176','United States',149600,'1250');
INSERT INTO "home_rentalPrice" VALUES (188,'2011-11','Los Angeles County',354100,'2174','United States',149400,'1244');
INSERT INTO "home_rentalPrice" VALUES (189,'2011-12','Los Angeles County',352300,'2165','United States',149200,'1237');
INSERT INTO "home_rentalPrice" VALUES (190,'2012-01','Los Angeles County',351300,'2150','United States',148900,'1232');
INSERT INTO "home_rentalPrice" VALUES (191,'2012-02','Los Angeles County',350900,'2142','United States',148700,'1229');
INSERT INTO "home_rentalPrice" VALUES (192,'2012-03','Los Angeles County',351700,'2139','United States',148900,'1227');
INSERT INTO "home_rentalPrice" VALUES (193,'2012-04','Los Angeles County',354200,'2141','United States',149200,'1226');
INSERT INTO "home_rentalPrice" VALUES (194,'2012-05','Los Angeles County',357500,'2145','United States',149600,'1230');
INSERT INTO "home_rentalPrice" VALUES (195,'2012-06','Los Angeles County',360000,'2150','United States',149900,'1235');
INSERT INTO "home_rentalPrice" VALUES (196,'2012-07','Los Angeles County',362100,'2157','United States',150300,'1243');
INSERT INTO "home_rentalPrice" VALUES (197,'2012-08','Los Angeles County',363900,'2158','United States',150900,'1249');
INSERT INTO "home_rentalPrice" VALUES (198,'2012-09','Los Angeles County',366100,'2163','United States',151500,'1252');
INSERT INTO "home_rentalPrice" VALUES (199,'2012-10','Los Angeles County',369000,'2163','United States',152000,'1252');
INSERT INTO "home_rentalPrice" VALUES (200,'2012-11','Los Angeles County',373600,'2163','United States',152400,'1250');
INSERT INTO "home_rentalPrice" VALUES (201,'2012-12','Los Angeles County',377900,'2163','United States',153100,'1248');
INSERT INTO "home_rentalPrice" VALUES (202,'2013-01','Los Angeles County',381400,'2166','United States',153800,'1246');
INSERT INTO "home_rentalPrice" VALUES (203,'2013-02','Los Angeles County',386400,'2170','United States',154400,'1244');
INSERT INTO "home_rentalPrice" VALUES (204,'2013-03','Los Angeles County',394300,'2176','United States',155200,'1242');
INSERT INTO "home_rentalPrice" VALUES (205,'2013-04','Los Angeles County',402300,'2184','United States',156200,'1243');
INSERT INTO "home_rentalPrice" VALUES (206,'2013-05','Los Angeles County',410000,'2192','United States',157100,'1249');
INSERT INTO "home_rentalPrice" VALUES (207,'2013-06','Los Angeles County',417500,'2197','United States',158100,'1258');
INSERT INTO "home_rentalPrice" VALUES (208,'2013-07','Los Angeles County',424500,'2207','United States',159300,'1269');
INSERT INTO "home_rentalPrice" VALUES (209,'2013-08','Los Angeles County',430500,'2220','United States',160300,'1277');
INSERT INTO "home_rentalPrice" VALUES (210,'2013-09','Los Angeles County',435300,'2235','United States',161200,'1283');
INSERT INTO "home_rentalPrice" VALUES (211,'2013-10','Los Angeles County',438700,'2249','United States',162200,'1286');
INSERT INTO "home_rentalPrice" VALUES (212,'2013-11','Los Angeles County',441300,'2254','United States',163000,'1286');
INSERT INTO "home_rentalPrice" VALUES (213,'2013-12','Los Angeles County',443200,'2253','United States',163700,'1284');
INSERT INTO "home_rentalPrice" VALUES (214,'2014-01','Los Angeles County',444900,'2243','United States',164500,'1279');
INSERT INTO "home_rentalPrice" VALUES (215,'2014-02','Los Angeles County',447300,'2234','United States',165100,'1272');
INSERT INTO "home_rentalPrice" VALUES (216,'2014-03','Los Angeles County',450300,'2230','United States',165800,'1267');
INSERT INTO "home_rentalPrice" VALUES (217,'2014-04','Los Angeles County',453200,'2230','United States',166600,'1264');
INSERT INTO "home_rentalPrice" VALUES (218,'2014-05','Los Angeles County',455800,'2233','United States',167300,'1265');
INSERT INTO "home_rentalPrice" VALUES (219,'2014-06','Los Angeles County',458800,'2239','United States',167900,'1269');
INSERT INTO "home_rentalPrice" VALUES (220,'2014-07','Los Angeles County',461800,'2256','United States',168700,'1279');
INSERT INTO "home_rentalPrice" VALUES (221,'2014-08','Los Angeles County',463700,'2278','United States',169400,'1292');
INSERT INTO "home_rentalPrice" VALUES (222,'2014-09','Los Angeles County',464800,'2303','United States',170000,'1306');
INSERT INTO "home_rentalPrice" VALUES (223,'2014-10','Los Angeles County',466200,'2324','United States',170600,'1315');
INSERT INTO "home_rentalPrice" VALUES (224,'2014-11','Los Angeles County',467300,'2346','United States',171100,'1319');
INSERT INTO "home_rentalPrice" VALUES (225,'2014-12','Los Angeles County',469300,'2367','United States',171700,'1321');
INSERT INTO "home_rentalPrice" VALUES (226,'2015-01','Los Angeles County',472800,'2380','United States',172400,'1321');
INSERT INTO "home_rentalPrice" VALUES (227,'2015-02','Los Angeles County',476800,'2389','United States',173100,'1322');
INSERT INTO "home_rentalPrice" VALUES (228,'2015-03','Los Angeles County',479600,'2401','United States',173800,'1326');
INSERT INTO "home_rentalPrice" VALUES (229,'2015-04','Los Angeles County',482200,'2414','United States',174600,'1332');
INSERT INTO "home_rentalPrice" VALUES (230,'2015-05','Los Angeles County',485100,'2429','United States',175500,'1341');
INSERT INTO "home_rentalPrice" VALUES (231,'2015-06','Los Angeles County',488100,'2439','United States',176300,'1352');
INSERT INTO "home_rentalPrice" VALUES (232,'2015-07','Los Angeles County',491000,'2451','United States',177200,'1363');
INSERT INTO "home_rentalPrice" VALUES (233,'2015-08','Los Angeles County',493800,'2462','United States',177800,'1372');
INSERT INTO "home_rentalPrice" VALUES (234,'2015-09','Los Angeles County',497000,'2468','United States',178500,'1376');
INSERT INTO "home_rentalPrice" VALUES (235,'2015-10','Los Angeles County',500600,'2471','United States',179400,'1373');
INSERT INTO "home_rentalPrice" VALUES (236,'2015-11','Los Angeles County',504000,'2471','United States',180300,'1366');
INSERT INTO "home_rentalPrice" VALUES (237,'2015-12','Los Angeles County',507900,'2474','United States',181100,'1359');
INSERT INTO "home_rentalPrice" VALUES (238,'2016-01','Los Angeles County',512200,'2483','United States',181900,'1359');
INSERT INTO "home_rentalPrice" VALUES (239,'2016-02','Los Angeles County',515200,'2490','United States',182800,'1361');
INSERT INTO "home_rentalPrice" VALUES (240,'2016-03','Los Angeles County',517800,'2499','United States',183700,'1368');
INSERT INTO "home_rentalPrice" VALUES (241,'2016-04','Los Angeles County',520700,'2506','United States',184800,'1372');
INSERT INTO "home_rentalPrice" VALUES (242,'2016-05','Los Angeles County',522800,'2518','United States',185800,'1380');
INSERT INTO "home_rentalPrice" VALUES (243,'2016-06','Los Angeles County',525000,'2531','United States',187000,'1386');
INSERT INTO "home_rentalPrice" VALUES (244,'2016-07','Los Angeles County',528600,'2542','United States',187900,'1391');
INSERT INTO "home_rentalPrice" VALUES (245,'2016-08','Los Angeles County',533400,'2552','United States',189100,'1392');
INSERT INTO "home_rentalPrice" VALUES (246,'2016-09','Los Angeles County',538300,'2563','United States',190400,'1393');
INSERT INTO "home_rentalPrice" VALUES (247,'2016-10','Los Angeles County',542000,'2575','United States',191700,'1392');
INSERT INTO "home_rentalPrice" VALUES (248,'2016-11','Los Angeles County',545200,'2583','United States',192800,'1391');
INSERT INTO "home_rentalPrice" VALUES (249,'2016-12','Los Angeles County',549400,'2588','United States',193900,'1388');
INSERT INTO "home_rentalPrice" VALUES (250,'2017-01','Los Angeles County',553600,'2590','United States',195200,'1385');
INSERT INTO "home_rentalPrice" VALUES (251,'2017-02','Los Angeles County',556300,'2591','United States',196400,'1383');
INSERT INTO "home_rentalPrice" VALUES (252,'2017-03','Los Angeles County',558700,'2593','United States',197600,'1384');
INSERT INTO "home_rentalPrice" VALUES (253,'2017-04','Los Angeles County',561100,'2598','United States',199000,'1387');
INSERT INTO "home_rentalPrice" VALUES (254,'2017-05','Los Angeles County',563400,'2609','United States',200300,'1392');
INSERT INTO "home_rentalPrice" VALUES (255,'2017-06','Los Angeles County',566000,'2626','United States',201300,'1399');
INSERT INTO "home_rentalPrice" VALUES (256,'2017-07','Los Angeles County',569100,'2647','United States',202300,'1409');
INSERT INTO "home_rentalPrice" VALUES (257,'2017-08','Los Angeles County',573100,'2666','United States',203500,'1420');
INSERT INTO "home_rentalPrice" VALUES (258,'2017-09','Los Angeles County',577400,'2681','United States',204700,'1428');
INSERT INTO "home_rentalPrice" VALUES (259,'2017-10','Los Angeles County',581500,'2691','United States',205700,'1429');
INSERT INTO "home_rentalPrice" VALUES (260,'2017-11','Los Angeles County',585100,'2697','United States',206700,'1426');
INSERT INTO "home_rentalPrice" VALUES (261,'2017-12','Los Angeles County',589200,'2702','United States',207900,'1420');
INSERT INTO "home_rentalPrice" VALUES (262,'2018-01','Los Angeles County',594700,'2708','United States',209400,'1414');
INSERT INTO "home_rentalPrice" VALUES (263,'2018-02','Los Angeles County',600600,'2716','United States',211200,'1411');
INSERT INTO "home_rentalPrice" VALUES (264,'2018-03','Los Angeles County',603600,'2724','United States',212800,'1412');
INSERT INTO "home_rentalPrice" VALUES (265,'2018-04','Los Angeles County',604400,'2732','United States',214100,'1414');
INSERT INTO "home_rentalPrice" VALUES (266,'2018-05','Los Angeles County',605100,'2739','United States',215400,'1416');
INSERT INTO "home_rentalPrice" VALUES (267,'2018-06','Los Angeles County',606400,'2742','United States',216600,'1416');
INSERT INTO "home_rentalPrice" VALUES (268,'2018-07','Los Angeles County',607600,'2743','United States',217700,'1415');
INSERT INTO "home_rentalPrice" VALUES (269,'2018-08','Los Angeles County',609200,'2743','United States',218900,'1415');
INSERT INTO "home_rentalPrice" VALUES (270,'2018-09','Los Angeles County',611700,'2743','United States',220300,'1414');
INSERT INTO "home_rentalPrice" VALUES (271,'2018-10','Los Angeles County',615100,'2748','United States',221800,'1417');
INSERT INTO "home_rentalPrice" VALUES (272,'2018-11','Los Angeles County',617900,'2767','United States',223400,'1426');
INSERT INTO "home_rentalPrice" VALUES (273,'2018-12','Los Angeles County',620300,'2791','United States',225000,'1438');
INSERT INTO "home_rentalPrice" VALUES (274,'2019-01','Los Angeles County',623200,'2812','United States',226400,'1447');
INSERT INTO "home_rentalPrice" VALUES (275,'2019-02','Los Angeles County',624400,'2819','United States',227500,'1450');
INSERT INTO "home_rentalPrice" VALUES (276,'2019-03','Los Angeles County',623200,'2819','United States',227800,'1453');
INSERT INTO "home_rentalPrice" VALUES (277,'2019-04','Los Angeles County',621800,'2819','United States',227700,'1456');
INSERT INTO "home_rentalPrice" VALUES (278,'2019-05','Los Angeles County',621600,'2817','United States',227700,'1457');
INSERT INTO "home_rentalPrice" VALUES (279,'2019-06','Los Angeles County',621000,'2817','United States',228300,'1460');
INSERT INTO "home_rentalPrice" VALUES (280,'2019-07','Los Angeles County',620800,NULL,'United States',229000,NULL);
INSERT INTO "home_rentalPrice" VALUES (281,'2019-08','Los Angeles County',621600,NULL,'United States',229600,NULL);
INSERT INTO "employment" VALUES (1,2019,'Jan','Los Angeles County','Adj','Not Prelim',5162700,4919200,243400,4.7);
INSERT INTO "employment" VALUES (2,2019,'Feb','Los Angeles County','Adj','Not Prelim',5157500,4918000,239400,4.6);
INSERT INTO "employment" VALUES (3,2019,'Mar','Los Angeles County','Adj','Not Prelim',5149100,4910200,238900,4.6);
INSERT INTO "employment" VALUES (4,2019,'Apr','Los Angeles County','Adj','Not Prelim',5128400,4893400,235100,4.6);
INSERT INTO "employment" VALUES (5,2019,'May','Los Angeles County','Adj','Not Prelim',5114800,4883800,231000,4.5);
INSERT INTO "employment" VALUES (6,2019,'Jun','Los Angeles County','Adj','Not Prelim',5104400,4875300,229100,4.5);
INSERT INTO "employment" VALUES (7,2019,'Jul','Los Angeles County','Adj','Prelim',5099500,4872100,227300,4.5);
INSERT INTO "employment" VALUES (8,2018,'Jan','Los Angeles County','Adj','Not Prelim',5118400,4879800,238600,4.7);
INSERT INTO "employment" VALUES (9,2018,'Feb','Los Angeles County','Adj','Not Prelim',5119300,4880000,239300,4.7);
INSERT INTO "employment" VALUES (10,2018,'Mar','Los Angeles County','Adj','Not Prelim',5120500,4881100,239400,4.7);
INSERT INTO "employment" VALUES (11,2018,'Apr','Los Angeles County','Adj','Not Prelim',5121100,4882500,238600,4.7);
INSERT INTO "employment" VALUES (12,2018,'May','Los Angeles County','Adj','Not Prelim',5121400,4884000,237300,4.6);
INSERT INTO "employment" VALUES (13,2018,'Jun','Los Angeles County','Adj','Not Prelim',5123100,4887000,236200,4.6);
INSERT INTO "employment" VALUES (14,2018,'Jul','Los Angeles County','Adj','Not Prelim',5128800,4892800,236000,4.6);
INSERT INTO "employment" VALUES (15,2018,'Aug','Los Angeles County','Adj','Not Prelim',5137200,4900000,237100,4.6);
INSERT INTO "employment" VALUES (16,2018,'Sep','Los Angeles County','Adj','Not Prelim',5147200,4908100,239100,4.6);
INSERT INTO "employment" VALUES (17,2018,'Oct','Los Angeles County','Adj','Not Prelim',5155500,4914400,241100,4.7);
INSERT INTO "employment" VALUES (18,2018,'Nov','Los Angeles County','Adj','Not Prelim',5157400,4915400,242000,4.7);
INSERT INTO "employment" VALUES (19,2018,'Dec','Los Angeles County','Adj','Not Prelim',5156900,4914800,242100,4.7);
INSERT INTO "employment" VALUES (20,2017,'Jan','Los Angeles County','Adj','Not Prelim',5072100,4818900,253100,5.0);
INSERT INTO "employment" VALUES (21,2017,'Feb','Los Angeles County','Adj','Not Prelim',5076100,4825900,250200,4.9);
INSERT INTO "employment" VALUES (22,2017,'Mar','Los Angeles County','Adj','Not Prelim',5079800,4832200,247600,4.9);
INSERT INTO "employment" VALUES (23,2017,'Apr','Los Angeles County','Adj','Not Prelim',5083900,4838100,245700,4.8);
INSERT INTO "employment" VALUES (24,2017,'May','Los Angeles County','Adj','Not Prelim',5088700,4844700,244000,4.8);
INSERT INTO "employment" VALUES (25,2017,'Jun','Los Angeles County','Adj','Not Prelim',5094400,4852000,242400,4.8);
INSERT INTO "employment" VALUES (26,2017,'Jul','Los Angeles County','Adj','Not Prelim',5100500,4859500,241000,4.7);
INSERT INTO "employment" VALUES (27,2017,'Aug','Los Angeles County','Adj','Not Prelim',5106200,4866700,239500,4.7);
INSERT INTO "employment" VALUES (28,2017,'Sep','Los Angeles County','Adj','Not Prelim',5110900,4872600,238300,4.7);
INSERT INTO "employment" VALUES (29,2017,'Oct','Los Angeles County','Adj','Not Prelim',5114400,4876900,237500,4.6);
INSERT INTO "employment" VALUES (30,2017,'Nov','Los Angeles County','Adj','Not Prelim',5116700,4879200,237500,4.6);
INSERT INTO "employment" VALUES (31,2017,'Dec','Los Angeles County','Adj','Not Prelim',5117800,4879900,237900,4.6);
INSERT INTO "employment" VALUES (32,2016,'Jan','Los Angeles County','Adj','Not Prelim',5007100,4727300,279800,5.6);
INSERT INTO "employment" VALUES (33,2016,'Feb','Los Angeles County','Adj','Not Prelim',5016600,4741500,275100,5.5);
INSERT INTO "employment" VALUES (34,2016,'Mar','Los Angeles County','Adj','Not Prelim',5023900,4753200,270700,5.4);
INSERT INTO "employment" VALUES (35,2016,'Apr','Los Angeles County','Adj','Not Prelim',5029800,4762700,267100,5.3);
INSERT INTO "employment" VALUES (36,2016,'May','Los Angeles County','Adj','Not Prelim',5035500,4770600,264900,5.3);
INSERT INTO "employment" VALUES (37,2016,'Jun','Los Angeles County','Adj','Not Prelim',5041000,4777200,263800,5.2);
INSERT INTO "employment" VALUES (38,2016,'Jul','Los Angeles County','Adj','Not Prelim',5046400,4783300,263100,5.2);
INSERT INTO "employment" VALUES (39,2016,'Aug','Los Angeles County','Adj','Not Prelim',5051600,4789200,262400,5.2);
INSERT INTO "employment" VALUES (40,2016,'Sep','Los Angeles County','Adj','Not Prelim',5056300,4794600,261700,5.2);
INSERT INTO "employment" VALUES (41,2016,'Oct','Los Angeles County','Adj','Not Prelim',5060500,4799800,260600,5.2);
INSERT INTO "employment" VALUES (42,2016,'Nov','Los Angeles County','Adj','Not Prelim',5064400,4805700,258700,5.1);
INSERT INTO "employment" VALUES (43,2016,'Dec','Los Angeles County','Adj','Not Prelim',5068200,4812200,256000,5.1);
INSERT INTO "employment" VALUES (44,2015,'Jan','Los Angeles County','Adj','Not Prelim',5004800,4628600,376200,7.5);
INSERT INTO "employment" VALUES (45,2015,'Feb','Los Angeles County','Adj','Not Prelim',5003200,4633100,370100,7.4);
INSERT INTO "employment" VALUES (46,2015,'Mar','Los Angeles County','Adj','Not Prelim',5002100,4638600,363500,7.3);
INSERT INTO "employment" VALUES (47,2015,'Apr','Los Angeles County','Adj','Not Prelim',5000000,4644500,355500,7.1);
INSERT INTO "employment" VALUES (48,2015,'May','Los Angeles County','Adj','Not Prelim',4995600,4649800,345800,6.9);
INSERT INTO "employment" VALUES (49,2015,'Jun','Los Angeles County','Adj','Not Prelim',4988800,4654200,334600,6.7);
INSERT INTO "employment" VALUES (50,2015,'Jul','Los Angeles County','Adj','Not Prelim',4981400,4658300,323100,6.5);
INSERT INTO "employment" VALUES (51,2015,'Aug','Los Angeles County','Adj','Not Prelim',4975800,4663200,312600,6.3);
INSERT INTO "employment" VALUES (52,2015,'Sep','Los Angeles County','Adj','Not Prelim',4973900,4670600,303300,6.1);
INSERT INTO "employment" VALUES (53,2015,'Oct','Los Angeles County','Adj','Not Prelim',4977100,4681400,295700,5.9);
INSERT INTO "employment" VALUES (54,2015,'Nov','Los Angeles County','Adj','Not Prelim',4985100,4695300,289900,5.8);
INSERT INTO "employment" VALUES (55,2015,'Dec','Los Angeles County','Adj','Not Prelim',4996000,4711200,284800,5.7);
INSERT INTO "employment" VALUES (56,2014,'Jan','Los Angeles County','Adj','Not Prelim',4974200,4531400,442800,8.9);
INSERT INTO "employment" VALUES (57,2014,'Feb','Los Angeles County','Adj','Not Prelim',4977500,4541300,436200,8.8);
INSERT INTO "employment" VALUES (58,2014,'Mar','Los Angeles County','Adj','Not Prelim',4980200,4550200,430000,8.6);
INSERT INTO "employment" VALUES (59,2014,'Apr','Los Angeles County','Adj','Not Prelim',4982100,4557800,424300,8.5);
INSERT INTO "employment" VALUES (60,2014,'May','Los Angeles County','Adj','Not Prelim',4984300,4565400,418800,8.4);
INSERT INTO "employment" VALUES (61,2014,'Jun','Los Angeles County','Adj','Not Prelim',4988300,4574700,413600,8.3);
INSERT INTO "employment" VALUES (62,2014,'Jul','Los Angeles County','Adj','Not Prelim',4994000,4585000,409000,8.2);
INSERT INTO "employment" VALUES (63,2014,'Aug','Los Angeles County','Adj','Not Prelim',5000500,4595500,405000,8.1);
INSERT INTO "employment" VALUES (64,2014,'Sep','Los Angeles County','Adj','Not Prelim',5006300,4605300,401100,8.0);
INSERT INTO "employment" VALUES (65,2014,'Oct','Los Angeles County','Adj','Not Prelim',5009600,4613500,396100,7.9);
INSERT INTO "employment" VALUES (66,2014,'Nov','Los Angeles County','Adj','Not Prelim',5009200,4619600,389600,7.8);
INSERT INTO "employment" VALUES (67,2014,'Dec','Los Angeles County','Adj','Not Prelim',5007000,4624300,382700,7.6);
INSERT INTO "employment" VALUES (68,2013,'Jan','Los Angeles County','Adj','Not Prelim',4943400,4434000,509400,10.3);
INSERT INTO "employment" VALUES (69,2013,'Feb','Los Angeles County','Adj','Not Prelim',4945900,4439400,506400,10.2);
INSERT INTO "employment" VALUES (70,2013,'Mar','Los Angeles County','Adj','Not Prelim',4949800,4447200,502600,10.2);
INSERT INTO "employment" VALUES (71,2013,'Apr','Los Angeles County','Adj','Not Prelim',4956900,4458600,498300,10.1);
INSERT INTO "employment" VALUES (72,2013,'May','Los Angeles County','Adj','Not Prelim',4966000,4471900,494200,10.0);
INSERT INTO "employment" VALUES (73,2013,'Jun','Los Angeles County','Adj','Not Prelim',4975000,4484500,490500,9.9);
INSERT INTO "employment" VALUES (74,2013,'Jul','Los Angeles County','Adj','Not Prelim',4981400,4494700,486700,9.8);
INSERT INTO "employment" VALUES (75,2013,'Aug','Los Angeles County','Adj','Not Prelim',4983400,4502400,481000,9.7);
INSERT INTO "employment" VALUES (76,2013,'Sep','Los Angeles County','Adj','Not Prelim',4981600,4508600,473000,9.5);
INSERT INTO "employment" VALUES (77,2013,'Oct','Los Angeles County','Adj','Not Prelim',4978900,4514700,464200,9.3);
INSERT INTO "employment" VALUES (78,2013,'Nov','Los Angeles County','Adj','Not Prelim',4978400,4522200,456200,9.2);
INSERT INTO "employment" VALUES (79,2013,'Dec','Los Angeles County','Adj','Not Prelim',4980400,4531000,449400,9.0);
INSERT INTO "employment" VALUES (80,2012,'Jan','Los Angeles County','Adj','Not Prelim',4911400,4341300,570200,11.6);
INSERT INTO "employment" VALUES (81,2012,'Feb','Los Angeles County','Adj','Not Prelim',4906700,4344200,562500,11.5);
INSERT INTO "employment" VALUES (82,2012,'Mar','Los Angeles County','Adj','Not Prelim',4904800,4348200,556600,11.3);
INSERT INTO "employment" VALUES (83,2012,'Apr','Los Angeles County','Adj','Not Prelim',4904600,4353200,551400,11.2);
INSERT INTO "employment" VALUES (84,2012,'May','Los Angeles County','Adj','Not Prelim',4905700,4359600,546100,11.1);
INSERT INTO "employment" VALUES (85,2012,'Jun','Los Angeles County','Adj','Not Prelim',4907600,4367600,540000,11.0);
INSERT INTO "employment" VALUES (86,2012,'Jul','Los Angeles County','Adj','Not Prelim',4910300,4377300,533000,10.9);
INSERT INTO "employment" VALUES (87,2012,'Aug','Los Angeles County','Adj','Not Prelim',4914700,4388600,526100,10.7);
INSERT INTO "employment" VALUES (88,2012,'Sep','Los Angeles County','Adj','Not Prelim',4921400,4400800,520600,10.6);
INSERT INTO "employment" VALUES (89,2012,'Oct','Los Angeles County','Adj','Not Prelim',4928900,4412200,516700,10.5);
INSERT INTO "employment" VALUES (90,2012,'Nov','Los Angeles County','Adj','Not Prelim',4935700,4421600,514100,10.4);
INSERT INTO "employment" VALUES (91,2012,'Dec','Los Angeles County','Adj','Not Prelim',4940500,4428700,511800,10.4);
INSERT INTO "employment" VALUES (92,2011,'Jan','Los Angeles County','Adj','Not Prelim',4937900,4324400,613500,12.4);
INSERT INTO "employment" VALUES (93,2011,'Feb','Los Angeles County','Adj','Not Prelim',4936600,4328200,608400,12.3);
INSERT INTO "employment" VALUES (94,2011,'Mar','Los Angeles County','Adj','Not Prelim',4933300,4328900,604400,12.3);
INSERT INTO "employment" VALUES (95,2011,'Apr','Los Angeles County','Adj','Not Prelim',4928800,4326300,602600,12.2);
INSERT INTO "employment" VALUES (96,2011,'May','Los Angeles County','Adj','Not Prelim',4925300,4321800,603500,12.3);
INSERT INTO "employment" VALUES (97,2011,'Jun','Los Angeles County','Adj','Not Prelim',4923700,4318200,605600,12.3);
INSERT INTO "employment" VALUES (98,2011,'Jul','Los Angeles County','Adj','Not Prelim',4924400,4317900,606400,12.3);
INSERT INTO "employment" VALUES (99,2011,'Aug','Los Angeles County','Adj','Not Prelim',4926300,4321100,605200,12.3);
INSERT INTO "employment" VALUES (100,2011,'Sep','Los Angeles County','Adj','Not Prelim',4927700,4326400,601300,12.2);
INSERT INTO "employment" VALUES (101,2011,'Oct','Los Angeles County','Adj','Not Prelim',4927100,4331900,595200,12.1);
INSERT INTO "employment" VALUES (102,2011,'Nov','Los Angeles County','Adj','Not Prelim',4923600,4336200,587400,11.9);
INSERT INTO "employment" VALUES (103,2011,'Dec','Los Angeles County','Adj','Not Prelim',4917800,4339000,578800,11.8);
INSERT INTO "employment" VALUES (104,2010,'Jan','Los Angeles County','Adj','Not Prelim',4883200,4282800,600400,12.3);
INSERT INTO "employment" VALUES (105,2010,'Feb','Los Angeles County','Adj','Not Prelim',4892600,4288500,604100,12.3);
INSERT INTO "employment" VALUES (106,2010,'Mar','Los Angeles County','Adj','Not Prelim',4901400,4294300,607100,12.4);
INSERT INTO "employment" VALUES (107,2010,'Apr','Los Angeles County','Adj','Not Prelim',4908800,4299300,609500,12.4);
INSERT INTO "employment" VALUES (108,2010,'May','Los Angeles County','Adj','Not Prelim',4914000,4303200,610800,12.4);
INSERT INTO "employment" VALUES (109,2010,'Jun','Los Angeles County','Adj','Not Prelim',4917300,4305500,611800,12.4);
INSERT INTO "employment" VALUES (110,2010,'Jul','Los Angeles County','Adj','Not Prelim',4920200,4306100,614100,12.5);
INSERT INTO "employment" VALUES (111,2010,'Aug','Los Angeles County','Adj','Not Prelim',4923900,4305900,617900,12.5);
INSERT INTO "employment" VALUES (112,2010,'Sep','Los Angeles County','Adj','Not Prelim',4927900,4306200,621700,12.6);
INSERT INTO "employment" VALUES (113,2010,'Oct','Los Angeles County','Adj','Not Prelim',4932300,4308500,623800,12.6);
INSERT INTO "employment" VALUES (114,2010,'Nov','Los Angeles County','Adj','Not Prelim',4936000,4313200,622800,12.6);
INSERT INTO "employment" VALUES (115,2010,'Dec','Los Angeles County','Adj','Not Prelim',4937700,4318900,618800,12.5);
INSERT INTO "employment" VALUES (116,2009,'Jan','Los Angeles County','Adj','Not Prelim',4950800,4442800,508000,10.3);
INSERT INTO "employment" VALUES (117,2009,'Feb','Los Angeles County','Adj','Not Prelim',4947400,4417600,529800,10.7);
INSERT INTO "employment" VALUES (118,2009,'Mar','Los Angeles County','Adj','Not Prelim',4944100,4396300,547800,11.1);
INSERT INTO "employment" VALUES (119,2009,'Apr','Los Angeles County','Adj','Not Prelim',4940700,4379500,561200,11.4);
INSERT INTO "employment" VALUES (120,2009,'May','Los Angeles County','Adj','Not Prelim',4935600,4365100,570500,11.6);
INSERT INTO "employment" VALUES (121,2009,'Jun','Los Angeles County','Adj','Not Prelim',4928100,4351000,577200,11.7);
INSERT INTO "employment" VALUES (122,2009,'Jul','Los Angeles County','Adj','Not Prelim',4917700,4335700,582000,11.8);
INSERT INTO "employment" VALUES (123,2009,'Aug','Los Angeles County','Adj','Not Prelim',4904800,4319300,585500,11.9);
INSERT INTO "employment" VALUES (124,2009,'Sep','Los Angeles County','Adj','Not Prelim',4891800,4303800,588000,12.0);
INSERT INTO "employment" VALUES (125,2009,'Oct','Los Angeles County','Adj','Not Prelim',4880700,4290800,589900,12.1);
INSERT INTO "employment" VALUES (126,2009,'Nov','Los Angeles County','Adj','Not Prelim',4874800,4282400,592400,12.2);
INSERT INTO "employment" VALUES (127,2009,'Dec','Los Angeles County','Adj','Not Prelim',4876100,4279900,596200,12.2);
INSERT INTO "employment" VALUES (128,2008,'Jan','Los Angeles County','Adj','Not Prelim',4897300,4610000,287300,5.9);
INSERT INTO "employment" VALUES (129,2008,'Feb','Los Angeles County','Adj','Not Prelim',4899500,4602300,297200,6.1);
INSERT INTO "employment" VALUES (130,2008,'Mar','Los Angeles County','Adj','Not Prelim',4903500,4594100,309400,6.3);
INSERT INTO "employment" VALUES (131,2008,'Apr','Los Angeles County','Adj','Not Prelim',4909700,4585300,324400,6.6);
INSERT INTO "employment" VALUES (132,2008,'May','Los Angeles County','Adj','Not Prelim',4918100,4576400,341700,6.9);
INSERT INTO "employment" VALUES (133,2008,'Jun','Los Angeles County','Adj','Not Prelim',4928200,4567600,360500,7.3);
INSERT INTO "employment" VALUES (134,2008,'Jul','Los Angeles County','Adj','Not Prelim',4938000,4558500,379500,7.7);
INSERT INTO "employment" VALUES (135,2008,'Aug','Los Angeles County','Adj','Not Prelim',4945800,4547700,398100,8.0);
INSERT INTO "employment" VALUES (136,2008,'Sep','Los Angeles County','Adj','Not Prelim',4951100,4534000,417100,8.4);
INSERT INTO "employment" VALUES (137,2008,'Oct','Los Angeles County','Adj','Not Prelim',4954300,4516500,437800,8.8);
INSERT INTO "employment" VALUES (138,2008,'Nov','Los Angeles County','Adj','Not Prelim',4955200,4494600,460600,9.3);
INSERT INTO "employment" VALUES (139,2008,'Dec','Los Angeles County','Adj','Not Prelim',4953800,4469400,484500,9.8);
INSERT INTO "employment" VALUES (140,2007,'Jan','Los Angeles County','Adj','Not Prelim',4829600,4600900,228700,4.7);
INSERT INTO "employment" VALUES (141,2007,'Feb','Los Angeles County','Adj','Not Prelim',4835800,4603900,231900,4.8);
INSERT INTO "employment" VALUES (142,2007,'Mar','Los Angeles County','Adj','Not Prelim',4840800,4605800,234900,4.9);
INSERT INTO "employment" VALUES (143,2007,'Apr','Los Angeles County','Adj','Not Prelim',4845300,4608100,237200,4.9);
INSERT INTO "employment" VALUES (144,2007,'May','Los Angeles County','Adj','Not Prelim',4850600,4611300,239400,4.9);
INSERT INTO "employment" VALUES (145,2007,'Jun','Los Angeles County','Adj','Not Prelim',4857300,4615200,242000,5.0);
INSERT INTO "employment" VALUES (146,2007,'Jul','Los Angeles County','Adj','Not Prelim',4865200,4619600,245700,5.0);
INSERT INTO "employment" VALUES (147,2007,'Aug','Los Angeles County','Adj','Not Prelim',4874000,4623200,250800,5.1);
INSERT INTO "employment" VALUES (148,2007,'Sep','Los Angeles County','Adj','Not Prelim',4882400,4625300,257100,5.3);
INSERT INTO "employment" VALUES (149,2007,'Oct','Los Angeles County','Adj','Not Prelim',4888900,4624600,264200,5.4);
INSERT INTO "employment" VALUES (150,2007,'Nov','Los Angeles County','Adj','Not Prelim',4892800,4621400,271500,5.5);
INSERT INTO "employment" VALUES (151,2007,'Dec','Los Angeles County','Adj','Not Prelim',4895300,4616500,278800,5.7);
INSERT INTO "employment" VALUES (152,2006,'Jan','Los Angeles County','Adj','Not Prelim',4809700,4564300,245400,5.1);
INSERT INTO "employment" VALUES (153,2006,'Feb','Los Angeles County','Adj','Not Prelim',4811000,4569600,241300,5.0);
INSERT INTO "employment" VALUES (154,2006,'Mar','Los Angeles County','Adj','Not Prelim',4810800,4573700,237100,4.9);
INSERT INTO "employment" VALUES (155,2006,'Apr','Los Angeles County','Adj','Not Prelim',4809400,4575300,234100,4.9);
INSERT INTO "employment" VALUES (156,2006,'May','Los Angeles County','Adj','Not Prelim',4807000,4574600,232300,4.8);
INSERT INTO "employment" VALUES (157,2006,'Jun','Los Angeles County','Adj','Not Prelim',4803600,4572700,230900,4.8);
INSERT INTO "employment" VALUES (158,2006,'Jul','Los Angeles County','Adj','Not Prelim',4800500,4571500,229000,4.8);
INSERT INTO "employment" VALUES (159,2006,'Aug','Los Angeles County','Adj','Not Prelim',4799600,4572700,226800,4.7);
INSERT INTO "employment" VALUES (160,2006,'Sep','Los Angeles County','Adj','Not Prelim',4801600,4576500,225100,4.7);
INSERT INTO "employment" VALUES (161,2006,'Oct','Los Angeles County','Adj','Not Prelim',4806600,4582500,224000,4.7);
INSERT INTO "employment" VALUES (162,2006,'Nov','Los Angeles County','Adj','Not Prelim',4814100,4589800,224400,4.7);
INSERT INTO "employment" VALUES (163,2006,'Dec','Los Angeles County','Adj','Not Prelim',4822300,4596300,226000,4.7);
INSERT INTO "employment" VALUES (164,2005,'Jan','Los Angeles County','Adj','Not Prelim',4764300,4480000,284300,6.0);
INSERT INTO "employment" VALUES (165,2005,'Feb','Los Angeles County','Adj','Not Prelim',4766800,4488100,278700,5.8);
INSERT INTO "employment" VALUES (166,2005,'Mar','Los Angeles County','Adj','Not Prelim',4768900,4497100,271800,5.7);
INSERT INTO "employment" VALUES (167,2005,'Apr','Los Angeles County','Adj','Not Prelim',4771100,4507300,263800,5.5);
INSERT INTO "employment" VALUES (168,2005,'May','Los Angeles County','Adj','Not Prelim',4773800,4518400,255400,5.3);
INSERT INTO "employment" VALUES (169,2005,'Jun','Los Angeles County','Adj','Not Prelim',4776900,4528900,248000,5.2);
INSERT INTO "employment" VALUES (170,2005,'Jul','Los Angeles County','Adj','Not Prelim',4780600,4537100,243600,5.1);
INSERT INTO "employment" VALUES (171,2005,'Aug','Los Angeles County','Adj','Not Prelim',4785000,4542700,242300,5.1);
INSERT INTO "employment" VALUES (172,2005,'Sep','Los Angeles County','Adj','Not Prelim',4790100,4546400,243700,5.1);
INSERT INTO "employment" VALUES (173,2005,'Oct','Los Angeles County','Adj','Not Prelim',4796000,4549900,246200,5.1);
INSERT INTO "employment" VALUES (174,2005,'Nov','Los Angeles County','Adj','Not Prelim',4802000,4554000,248000,5.2);
INSERT INTO "employment" VALUES (175,2005,'Dec','Los Angeles County','Adj','Not Prelim',4806700,4558900,247800,5.2);
INSERT INTO "employment" VALUES (176,2004,'Jan','Los Angeles County','Adj','Not Prelim',4732500,4414400,318100,6.7);
INSERT INTO "employment" VALUES (177,2004,'Feb','Los Angeles County','Adj','Not Prelim',4736900,4420200,316600,6.7);
INSERT INTO "employment" VALUES (178,2004,'Mar','Los Angeles County','Adj','Not Prelim',4742600,4425700,316900,6.7);
INSERT INTO "employment" VALUES (179,2004,'Apr','Los Angeles County','Adj','Not Prelim',4748300,4431000,317300,6.7);
INSERT INTO "employment" VALUES (180,2004,'May','Los Angeles County','Adj','Not Prelim',4752600,4436100,316500,6.7);
INSERT INTO "employment" VALUES (181,2004,'Jun','Los Angeles County','Adj','Not Prelim',4754900,4441200,313800,6.6);
INSERT INTO "employment" VALUES (182,2004,'Jul','Los Angeles County','Adj','Not Prelim',4756500,4446700,309800,6.5);
INSERT INTO "employment" VALUES (183,2004,'Aug','Los Angeles County','Adj','Not Prelim',4757900,4452600,305300,6.4);
INSERT INTO "employment" VALUES (184,2004,'Sep','Los Angeles County','Adj','Not Prelim',4759100,4458100,301000,6.3);
INSERT INTO "employment" VALUES (185,2004,'Oct','Los Angeles County','Adj','Not Prelim',4760100,4463100,297100,6.2);
INSERT INTO "employment" VALUES (186,2004,'Nov','Los Angeles County','Adj','Not Prelim',4760900,4467800,293100,6.2);
INSERT INTO "employment" VALUES (187,2004,'Dec','Los Angeles County','Adj','Not Prelim',4762200,4473200,289000,6.1);
INSERT INTO "employment" VALUES (188,2003,'Jan','Los Angeles County','Adj','Not Prelim',4739600,4423700,316000,6.7);
INSERT INTO "employment" VALUES (189,2003,'Feb','Los Angeles County','Adj','Not Prelim',4740300,4421200,319000,6.7);
INSERT INTO "employment" VALUES (190,2003,'Mar','Los Angeles County','Adj','Not Prelim',4743100,4420500,322600,6.8);
INSERT INTO "employment" VALUES (191,2003,'Apr','Los Angeles County','Adj','Not Prelim',4746200,4419400,326700,6.9);
INSERT INTO "employment" VALUES (192,2003,'May','Los Angeles County','Adj','Not Prelim',4747800,4416200,331600,7.0);
INSERT INTO "employment" VALUES (193,2003,'Jun','Los Angeles County','Adj','Not Prelim',4748000,4411200,336800,7.1);
INSERT INTO "employment" VALUES (194,2003,'Jul','Los Angeles County','Adj','Not Prelim',4745900,4405200,340700,7.2);
INSERT INTO "employment" VALUES (195,2003,'Aug','Los Angeles County','Adj','Not Prelim',4741700,4400000,341700,7.2);
INSERT INTO "employment" VALUES (196,2003,'Sep','Los Angeles County','Adj','Not Prelim',4736400,4397400,339000,7.2);
INSERT INTO "employment" VALUES (197,2003,'Oct','Los Angeles County','Adj','Not Prelim',4731600,4398300,333400,7.0);
INSERT INTO "employment" VALUES (198,2003,'Nov','Los Angeles County','Adj','Not Prelim',4729200,4402200,327000,6.9);
INSERT INTO "employment" VALUES (199,2003,'Dec','Los Angeles County','Adj','Not Prelim',4729700,4408100,321500,6.8);
INSERT INTO "employment" VALUES (200,2002,'Jan','Los Angeles County','Adj','Not Prelim',4765100,4442600,322400,6.8);
INSERT INTO "employment" VALUES (201,2002,'Feb','Los Angeles County','Adj','Not Prelim',4763500,4436600,326900,6.9);
INSERT INTO "employment" VALUES (202,2002,'Mar','Los Angeles County','Adj','Not Prelim',4760000,4430600,329500,6.9);
INSERT INTO "employment" VALUES (203,2002,'Apr','Los Angeles County','Adj','Not Prelim',4756600,4426400,330200,6.9);
INSERT INTO "employment" VALUES (204,2002,'May','Los Angeles County','Adj','Not Prelim',4754200,4425100,329100,6.9);
INSERT INTO "employment" VALUES (205,2002,'Jun','Los Angeles County','Adj','Not Prelim',4752700,4426900,325900,6.9);
INSERT INTO "employment" VALUES (206,2002,'Jul','Los Angeles County','Adj','Not Prelim',4751400,4430400,321100,6.8);
INSERT INTO "employment" VALUES (207,2002,'Aug','Los Angeles County','Adj','Not Prelim',4749900,4433800,316100,6.7);
INSERT INTO "employment" VALUES (208,2002,'Sep','Los Angeles County','Adj','Not Prelim',4748400,4435900,312500,6.6);
INSERT INTO "employment" VALUES (209,2002,'Oct','Los Angeles County','Adj','Not Prelim',4746300,4435100,311200,6.6);
INSERT INTO "employment" VALUES (210,2002,'Nov','Los Angeles County','Adj','Not Prelim',4743900,4432000,311900,6.6);
INSERT INTO "employment" VALUES (211,2002,'Dec','Los Angeles County','Adj','Not Prelim',4741200,4427700,313500,6.6);
INSERT INTO "employment" VALUES (212,2001,'Jan','Los Angeles County','Adj','Not Prelim',4724100,4487000,237100,5.0);
INSERT INTO "employment" VALUES (213,2001,'Feb','Los Angeles County','Adj','Not Prelim',4731700,4492500,239200,5.1);
INSERT INTO "employment" VALUES (214,2001,'Mar','Los Angeles County','Adj','Not Prelim',4734700,4492300,242500,5.1);
INSERT INTO "employment" VALUES (215,2001,'Apr','Los Angeles County','Adj','Not Prelim',4733100,4486600,246500,5.2);
INSERT INTO "employment" VALUES (216,2001,'May','Los Angeles County','Adj','Not Prelim',4729600,4478200,251500,5.3);
INSERT INTO "employment" VALUES (217,2001,'Jun','Los Angeles County','Adj','Not Prelim',4727500,4469600,257900,5.5);
INSERT INTO "employment" VALUES (218,2001,'Jul','Los Angeles County','Adj','Not Prelim',4729500,4463400,266100,5.6);
INSERT INTO "employment" VALUES (219,2001,'Aug','Los Angeles County','Adj','Not Prelim',4735800,4459800,276000,5.8);
INSERT INTO "employment" VALUES (220,2001,'Sep','Los Angeles County','Adj','Not Prelim',4744600,4457600,287000,6.0);
INSERT INTO "employment" VALUES (221,2001,'Oct','Los Angeles County','Adj','Not Prelim',4753700,4455700,298000,6.3);
INSERT INTO "employment" VALUES (222,2001,'Nov','Los Angeles County','Adj','Not Prelim',4760400,4452500,307900,6.5);
INSERT INTO "employment" VALUES (223,2001,'Dec','Los Angeles County','Adj','Not Prelim',4764100,4448000,316100,6.6);
INSERT INTO "employment" VALUES (224,2000,'Jan','Los Angeles County','Adj','Not Prelim',4647800,4382600,265200,5.7);
INSERT INTO "employment" VALUES (225,2000,'Feb','Los Angeles County','Adj','Not Prelim',4657100,4394000,263100,5.6);
INSERT INTO "employment" VALUES (226,2000,'Mar','Los Angeles County','Adj','Not Prelim',4664400,4403200,261200,5.6);
INSERT INTO "employment" VALUES (227,2000,'Apr','Los Angeles County','Adj','Not Prelim',4670300,4410500,259800,5.6);
INSERT INTO "employment" VALUES (228,2000,'May','Los Angeles County','Adj','Not Prelim',4674600,4416300,258300,5.5);
INSERT INTO "employment" VALUES (229,2000,'Jun','Los Angeles County','Adj','Not Prelim',4677400,4421300,256100,5.5);
INSERT INTO "employment" VALUES (230,2000,'Jul','Los Angeles County','Adj','Not Prelim',4679000,4426200,252900,5.4);
INSERT INTO "employment" VALUES (231,2000,'Aug','Los Angeles County','Adj','Not Prelim',4681100,4432100,249000,5.3);
INSERT INTO "employment" VALUES (232,2000,'Sep','Los Angeles County','Adj','Not Prelim',4684700,4440100,244600,5.2);
INSERT INTO "employment" VALUES (233,2000,'Oct','Los Angeles County','Adj','Not Prelim',4691400,4450900,240400,5.1);
INSERT INTO "employment" VALUES (234,2000,'Nov','Los Angeles County','Adj','Not Prelim',4701600,4464000,237600,5.1);
INSERT INTO "employment" VALUES (235,2000,'Dec','Los Angeles County','Adj','Not Prelim',4713400,4476900,236500,5.0);
INSERT INTO "employment" VALUES (236,1999,'Jan','Los Angeles County','Adj','Not Prelim',4546800,4261000,285800,6.3);
INSERT INTO "employment" VALUES (237,1999,'Feb','Los Angeles County','Adj','Not Prelim',4541300,4263600,277600,6.1);
INSERT INTO "employment" VALUES (238,1999,'Mar','Los Angeles County','Adj','Not Prelim',4539900,4269300,270600,6.0);
INSERT INTO "employment" VALUES (239,1999,'Apr','Los Angeles County','Adj','Not Prelim',4543600,4278000,265600,5.8);
INSERT INTO "employment" VALUES (240,1999,'May','Los Angeles County','Adj','Not Prelim',4551700,4288800,262900,5.8);
INSERT INTO "employment" VALUES (241,1999,'Jun','Los Angeles County','Adj','Not Prelim',4563200,4300700,262600,5.8);
INSERT INTO "employment" VALUES (242,1999,'Jul','Los Angeles County','Adj','Not Prelim',4576400,4312100,264200,5.8);
INSERT INTO "employment" VALUES (243,1999,'Aug','Los Angeles County','Adj','Not Prelim',4589600,4322900,266700,5.8);
INSERT INTO "employment" VALUES (244,1999,'Sep','Los Angeles County','Adj','Not Prelim',4602400,4333600,268700,5.8);
INSERT INTO "employment" VALUES (245,1999,'Oct','Los Angeles County','Adj','Not Prelim',4614400,4344700,269700,5.8);
INSERT INTO "employment" VALUES (246,1999,'Nov','Los Angeles County','Adj','Not Prelim',4625900,4356800,269100,5.8);
INSERT INTO "employment" VALUES (247,1999,'Dec','Los Angeles County','Adj','Not Prelim',4637000,4369800,267200,5.8);
INSERT INTO "employment" VALUES (248,1998,'Jan','Los Angeles County','Adj','Not Prelim',4485400,4200000,285400,6.4);
INSERT INTO "employment" VALUES (249,1998,'Feb','Los Angeles County','Adj','Not Prelim',4497400,4209500,287900,6.4);
INSERT INTO "employment" VALUES (250,1998,'Mar','Los Angeles County','Adj','Not Prelim',4508500,4217600,290900,6.5);
INSERT INTO "employment" VALUES (251,1998,'Apr','Los Angeles County','Adj','Not Prelim',4518200,4224400,293800,6.5);
INSERT INTO "employment" VALUES (252,1998,'May','Los Angeles County','Adj','Not Prelim',4527200,4230400,296800,6.6);
INSERT INTO "employment" VALUES (253,1998,'Jun','Los Angeles County','Adj','Not Prelim',4536300,4235900,300400,6.6);
INSERT INTO "employment" VALUES (254,1998,'Jul','Los Angeles County','Adj','Not Prelim',4545000,4241200,303800,6.7);
INSERT INTO "employment" VALUES (255,1998,'Aug','Los Angeles County','Adj','Not Prelim',4552400,4246300,306100,6.7);
INSERT INTO "employment" VALUES (256,1998,'Sep','Los Angeles County','Adj','Not Prelim',4558000,4251200,306800,6.7);
INSERT INTO "employment" VALUES (257,1998,'Oct','Los Angeles County','Adj','Not Prelim',4560300,4255300,305000,6.7);
INSERT INTO "employment" VALUES (258,1998,'Nov','Los Angeles County','Adj','Not Prelim',4558600,4258200,300500,6.6);
INSERT INTO "employment" VALUES (259,1998,'Dec','Los Angeles County','Adj','Not Prelim',4553700,4259800,293900,6.5);
INSERT INTO "employment" VALUES (260,1997,'Jan','Los Angeles County','Adj','Not Prelim',4371400,4041600,329800,7.5);
INSERT INTO "employment" VALUES (261,1997,'Feb','Los Angeles County','Adj','Not Prelim',4378500,4052200,326300,7.5);
INSERT INTO "employment" VALUES (262,1997,'Mar','Los Angeles County','Adj','Not Prelim',4386200,4065100,321100,7.3);
INSERT INTO "employment" VALUES (263,1997,'Apr','Los Angeles County','Adj','Not Prelim',4395600,4080100,315500,7.2);
INSERT INTO "employment" VALUES (264,1997,'May','Los Angeles County','Adj','Not Prelim',4406100,4096100,310000,7.0);
INSERT INTO "employment" VALUES (265,1997,'Jun','Los Angeles County','Adj','Not Prelim',4416500,4112000,304500,6.9);
INSERT INTO "employment" VALUES (266,1997,'Jul','Los Angeles County','Adj','Not Prelim',4426300,4127300,299000,6.8);
INSERT INTO "employment" VALUES (267,1997,'Aug','Los Angeles County','Adj','Not Prelim',4435700,4141800,294000,6.6);
INSERT INTO "employment" VALUES (268,1997,'Sep','Los Angeles County','Adj','Not Prelim',4444500,4155200,289300,6.5);
INSERT INTO "employment" VALUES (269,1997,'Oct','Los Angeles County','Adj','Not Prelim',4453600,4167700,285900,6.4);
INSERT INTO "employment" VALUES (270,1997,'Nov','Los Angeles County','Adj','Not Prelim',4463300,4179100,284200,6.4);
INSERT INTO "employment" VALUES (271,1997,'Dec','Los Angeles County','Adj','Not Prelim',4473800,4189800,284100,6.3);
INSERT INTO "employment" VALUES (272,1996,'Jan','Los Angeles County','Adj','Not Prelim',4294800,3929000,365800,8.5);
INSERT INTO "employment" VALUES (273,1996,'Feb','Los Angeles County','Adj','Not Prelim',4296000,3928200,367800,8.6);
INSERT INTO "employment" VALUES (274,1996,'Mar','Los Angeles County','Adj','Not Prelim',4299000,3930600,368400,8.6);
INSERT INTO "employment" VALUES (275,1996,'Apr','Los Angeles County','Adj','Not Prelim',4304100,3937300,366800,8.5);
INSERT INTO "employment" VALUES (276,1996,'May','Los Angeles County','Adj','Not Prelim',4310400,3947900,362500,8.4);
INSERT INTO "employment" VALUES (277,1996,'Jun','Los Angeles County','Adj','Not Prelim',4317500,3961300,356200,8.2);
INSERT INTO "employment" VALUES (278,1996,'Jul','Los Angeles County','Adj','Not Prelim',4324800,3975700,349100,8.1);
INSERT INTO "employment" VALUES (279,1996,'Aug','Los Angeles County','Adj','Not Prelim',4332700,3990000,342700,7.9);
INSERT INTO "employment" VALUES (280,1996,'Sep','Los Angeles County','Adj','Not Prelim',4340900,4003200,337800,7.8);
INSERT INTO "employment" VALUES (281,1996,'Oct','Los Angeles County','Adj','Not Prelim',4349100,4014200,334900,7.7);
INSERT INTO "employment" VALUES (282,1996,'Nov','Los Angeles County','Adj','Not Prelim',4356900,4023600,333300,7.7);
INSERT INTO "employment" VALUES (283,1996,'Dec','Los Angeles County','Adj','Not Prelim',4364300,4032300,332000,7.6);
INSERT INTO "employment" VALUES (284,1995,'Jan','Los Angeles County','Adj','Not Prelim',4276600,3938700,337900,7.9);
INSERT INTO "employment" VALUES (285,1995,'Feb','Los Angeles County','Adj','Not Prelim',4274100,3941900,332200,7.8);
INSERT INTO "employment" VALUES (286,1995,'Mar','Los Angeles County','Adj','Not Prelim',4271800,3941700,330100,7.7);
INSERT INTO "employment" VALUES (287,1995,'Apr','Los Angeles County','Adj','Not Prelim',4269600,3938600,331000,7.8);
INSERT INTO "employment" VALUES (288,1995,'May','Los Angeles County','Adj','Not Prelim',4268500,3934300,334300,7.8);
INSERT INTO "employment" VALUES (289,1995,'Jun','Los Angeles County','Adj','Not Prelim',4269500,3930600,338900,7.9);
INSERT INTO "employment" VALUES (290,1995,'Jul','Los Angeles County','Adj','Not Prelim',4273200,3929400,343800,8.0);
INSERT INTO "employment" VALUES (291,1995,'Aug','Los Angeles County','Adj','Not Prelim',4279000,3930600,348400,8.1);
INSERT INTO "employment" VALUES (292,1995,'Sep','Los Angeles County','Adj','Not Prelim',4285100,3932700,352400,8.2);
INSERT INTO "employment" VALUES (293,1995,'Oct','Los Angeles County','Adj','Not Prelim',4290200,3933800,356400,8.3);
INSERT INTO "employment" VALUES (294,1995,'Nov','Los Angeles County','Adj','Not Prelim',4293300,3933300,359900,8.4);
INSERT INTO "employment" VALUES (295,1995,'Dec','Los Angeles County','Adj','Not Prelim',4294400,3931300,363100,8.5);
INSERT INTO "employment" VALUES (296,1994,'Jan','Los Angeles County','Adj','Not Prelim',4293100,3865500,427600,10.0);
INSERT INTO "employment" VALUES (297,1994,'Feb','Los Angeles County','Adj','Not Prelim',4296800,3870200,426600,9.9);
INSERT INTO "employment" VALUES (298,1994,'Mar','Los Angeles County','Adj','Not Prelim',4299000,3875400,423700,9.9);
INSERT INTO "employment" VALUES (299,1994,'Apr','Los Angeles County','Adj','Not Prelim',4298500,3879300,419200,9.8);
INSERT INTO "employment" VALUES (300,1994,'May','Los Angeles County','Adj','Not Prelim',4295500,3882100,413500,9.6);
INSERT INTO "employment" VALUES (301,1994,'Jun','Los Angeles County','Adj','Not Prelim',4291600,3885100,406600,9.5);
INSERT INTO "employment" VALUES (302,1994,'Jul','Los Angeles County','Adj','Not Prelim',4288400,3889500,398900,9.3);
INSERT INTO "employment" VALUES (303,1994,'Aug','Los Angeles County','Adj','Not Prelim',4286000,3895500,390500,9.1);
INSERT INTO "employment" VALUES (304,1994,'Sep','Los Angeles County','Adj','Not Prelim',4284300,3903200,381000,8.9);
INSERT INTO "employment" VALUES (305,1994,'Oct','Los Angeles County','Adj','Not Prelim',4282500,3912500,370000,8.6);
INSERT INTO "employment" VALUES (306,1994,'Nov','Los Angeles County','Adj','Not Prelim',4280900,3922900,358000,8.4);
INSERT INTO "employment" VALUES (307,1994,'Dec','Los Angeles County','Adj','Not Prelim',4279000,3932300,346700,8.1);
INSERT INTO "employment" VALUES (308,1993,'Jan','Los Angeles County','Adj','Not Prelim',4402000,3946700,455300,10.3);
INSERT INTO "employment" VALUES (309,1993,'Feb','Los Angeles County','Adj','Not Prelim',4390800,3938700,452200,10.3);
INSERT INTO "employment" VALUES (310,1993,'Mar','Los Angeles County','Adj','Not Prelim',4379500,3932300,447200,10.2);
INSERT INTO "employment" VALUES (311,1993,'Apr','Los Angeles County','Adj','Not Prelim',4368500,3928100,440400,10.1);
INSERT INTO "employment" VALUES (312,1993,'May','Los Angeles County','Adj','Not Prelim',4358100,3925100,433000,9.9);
INSERT INTO "employment" VALUES (313,1993,'Jun','Los Angeles County','Adj','Not Prelim',4348000,3921100,426900,9.8);
INSERT INTO "employment" VALUES (314,1993,'Jul','Los Angeles County','Adj','Not Prelim',4336500,3914200,422300,9.7);
INSERT INTO "employment" VALUES (315,1993,'Aug','Los Angeles County','Adj','Not Prelim',4323500,3903500,419900,9.7);
INSERT INTO "employment" VALUES (316,1993,'Sep','Los Angeles County','Adj','Not Prelim',4310400,3890600,419800,9.7);
INSERT INTO "employment" VALUES (317,1993,'Oct','Los Angeles County','Adj','Not Prelim',4299300,3878100,421300,9.8);
INSERT INTO "employment" VALUES (318,1993,'Nov','Los Angeles County','Adj','Not Prelim',4292400,3868500,423800,9.9);
INSERT INTO "employment" VALUES (319,1993,'Dec','Los Angeles County','Adj','Not Prelim',4290600,3864300,426400,9.9);
INSERT INTO "employment" VALUES (320,1992,'Jan','Los Angeles County','Adj','Not Prelim',4464600,4062800,401800,9.0);
INSERT INTO "employment" VALUES (321,1992,'Feb','Los Angeles County','Adj','Not Prelim',4454300,4046000,408300,9.2);
INSERT INTO "employment" VALUES (322,1992,'Mar','Los Angeles County','Adj','Not Prelim',4447800,4032100,415700,9.3);
INSERT INTO "employment" VALUES (323,1992,'Apr','Los Angeles County','Adj','Not Prelim',4446500,4022000,424400,9.5);
INSERT INTO "employment" VALUES (324,1992,'May','Los Angeles County','Adj','Not Prelim',4448100,4014500,433700,9.7);
INSERT INTO "employment" VALUES (325,1992,'Jun','Los Angeles County','Adj','Not Prelim',4450000,4007600,442400,9.9);
INSERT INTO "employment" VALUES (326,1992,'Jul','Los Angeles County','Adj','Not Prelim',4449600,3999500,450100,10.1);
INSERT INTO "employment" VALUES (327,1992,'Aug','Los Angeles County','Adj','Not Prelim',4445700,3990300,455400,10.2);
INSERT INTO "employment" VALUES (328,1992,'Sep','Los Angeles County','Adj','Not Prelim',4438900,3981100,457800,10.3);
INSERT INTO "employment" VALUES (329,1992,'Oct','Los Angeles County','Adj','Not Prelim',4430700,3972700,458000,10.3);
INSERT INTO "employment" VALUES (330,1992,'Nov','Los Angeles County','Adj','Not Prelim',4421800,3964300,457500,10.3);
INSERT INTO "employment" VALUES (331,1992,'Dec','Los Angeles County','Adj','Not Prelim',4412300,3955400,456800,10.4);
INSERT INTO "employment" VALUES (332,1991,'Jan','Los Angeles County','Adj','Not Prelim',4450100,4141000,309100,6.9);
INSERT INTO "employment" VALUES (333,1991,'Feb','Los Angeles County','Adj','Not Prelim',4451300,4130600,320700,7.2);
INSERT INTO "employment" VALUES (334,1991,'Mar','Los Angeles County','Adj','Not Prelim',4455900,4123100,332900,7.5);
INSERT INTO "employment" VALUES (335,1991,'Apr','Los Angeles County','Adj','Not Prelim',4462100,4117900,344200,7.7);
INSERT INTO "employment" VALUES (336,1991,'May','Los Angeles County','Adj','Not Prelim',4468700,4114900,353800,7.9);
INSERT INTO "employment" VALUES (337,1991,'Jun','Los Angeles County','Adj','Not Prelim',4474700,4113500,361200,8.1);
INSERT INTO "employment" VALUES (338,1991,'Jul','Los Angeles County','Adj','Not Prelim',4479900,4113700,366200,8.2);
INSERT INTO "employment" VALUES (339,1991,'Aug','Los Angeles County','Adj','Not Prelim',4484400,4114100,370400,8.3);
INSERT INTO "employment" VALUES (340,1991,'Sep','Los Angeles County','Adj','Not Prelim',4488000,4112500,375500,8.4);
INSERT INTO "employment" VALUES (341,1991,'Oct','Los Angeles County','Adj','Not Prelim',4488300,4106600,381700,8.5);
INSERT INTO "employment" VALUES (342,1991,'Nov','Los Angeles County','Adj','Not Prelim',4484100,4095500,388600,8.7);
INSERT INTO "employment" VALUES (343,1991,'Dec','Los Angeles County','Adj','Not Prelim',4475600,4080100,395500,8.8);
INSERT INTO "employment" VALUES (344,1990,'Jan','Los Angeles County','Adj','Not Prelim',4510500,4254200,256200,5.7);
INSERT INTO "employment" VALUES (345,1990,'Feb','Los Angeles County','Adj','Not Prelim',4520700,4264600,256200,5.7);
INSERT INTO "employment" VALUES (346,1990,'Mar','Los Angeles County','Adj','Not Prelim',4524900,4270600,254300,5.6);
INSERT INTO "employment" VALUES (347,1990,'Apr','Los Angeles County','Adj','Not Prelim',4522800,4270900,251900,5.6);
INSERT INTO "employment" VALUES (348,1990,'May','Los Angeles County','Adj','Not Prelim',4516200,4265700,250500,5.5);
INSERT INTO "employment" VALUES (349,1990,'Jun','Los Angeles County','Adj','Not Prelim',4506800,4255500,251300,5.6);
INSERT INTO "employment" VALUES (350,1990,'Jul','Los Angeles County','Adj','Not Prelim',4497500,4241800,255700,5.7);
INSERT INTO "employment" VALUES (351,1990,'Aug','Los Angeles County','Adj','Not Prelim',4488700,4226000,262800,5.9);
INSERT INTO "employment" VALUES (352,1990,'Sep','Los Angeles County','Adj','Not Prelim',4479200,4208200,271100,6.1);
INSERT INTO "employment" VALUES (353,1990,'Oct','Los Angeles County','Adj','Not Prelim',4469600,4189100,280500,6.3);
INSERT INTO "employment" VALUES (354,1990,'Nov','Los Angeles County','Adj','Not Prelim',4460600,4170600,290000,6.5);
INSERT INTO "employment" VALUES (355,1990,'Dec','Los Angeles County','Adj','Not Prelim',4453700,4154500,299100,6.7);